ticker,timestamp,open,high,low,close,volume,day,minute,day_timestamp,is_weeks_first,is_weeks_end
AAWW,01-Aug-2019 09:30,40.69,40.7,39.0,39.1,76040,18109,0,2019-08-01,False,False
AAWW,01-Aug-2019 09:35,38.47,38.58,36.57,37.18,90755,18109,5,2019-08-01,False,False
AAWW,01-Aug-2019 09:40,37.18,38.24,36.78,37.82,42978,18109,10,2019-08-01,False,False
AAWW,01-Aug-2019 09:45,37.72,37.84,37.6,37.61,5272,18109,15,2019-08-01,False,False
AAWW,01-Aug-2019 09:50,38.1,38.7,37.99,38.61,30488,18109,20,2019-08-01,False,False
AAWW,01-Aug-2019 09:55,38.68,38.68,38.52,38.62,2795,18109,25,2019-08-01,False,False
AAWW,01-Aug-2019 10:00,38.59,38.8,37.83,38.0,26217,18109,30,2019-08-01,False,False
AAWW,01-Aug-2019 10:05,38.04,38.11,37.71,38.0,17298,18109,35,2019-08-01,False,False
AAWW,01-Aug-2019 10:10,38.17,38.43,38.15,38.28,6150,18109,40,2019-08-01,False,False
AAWW,01-Aug-2019 10:15,38.16,38.55,38.16,38.4,9147,18109,45,2019-08-01,False,False
AAWW,01-Aug-2019 10:20,38.39,38.7,38.35,38.57,32661,18109,50,2019-08-01,False,False
AAWW,01-Aug-2019 10:25,38.57,38.7,38.37,38.56,21375,18109,55,2019-08-01,False,False
AAWW,01-Aug-2019 10:30,38.6,38.6,38.6,38.6,100,18109,60,2019-08-01,False,False
AAWW,01-Aug-2019 10:35,38.35,38.4,37.85,37.89,16669,18109,65,2019-08-01,False,False
AAWW,01-Aug-2019 10:40,37.89,38.08,37.86,38.06,5800,18109,70,2019-08-01,False,False
AAWW,01-Aug-2019 10:45,38.0,38.08,37.68,37.69,24483,18109,75,2019-08-01,False,False
AAWW,01-Aug-2019 10:50,37.71,38.04,37.71,37.82,8948,18109,80,2019-08-01,False,False
AAWW,01-Aug-2019 10:55,37.78,37.99,37.72,37.91,4600,18109,85,2019-08-01,False,False
AAWW,01-Aug-2019 11:00,38.0,38.05,37.78,37.85,9254,18109,90,2019-08-01,False,False
AAWW,01-Aug-2019 11:05,37.61,37.63,37.11,37.13,17499,18109,95,2019-08-01,False,False
AAWW,01-Aug-2019 11:10,37.18,37.33,37.11,37.27,14773,18109,100,2019-08-01,False,False
AAWW,01-Aug-2019 11:15,37.13,37.5,37.07,37.1,19931,18109,105,2019-08-01,False,False
AAWW,01-Aug-2019 11:20,37.13,37.13,36.97,37.0,20740,18109,110,2019-08-01,False,False
AAWW,01-Aug-2019 11:25,37.02,37.02,37.02,37.02,200,18109,115,2019-08-01,False,False
AAWW,01-Aug-2019 11:30,36.22,36.24,35.55,35.84,44061,18109,120,2019-08-01,False,False
AAWW,01-Aug-2019 11:35,35.79,36.01,35.79,35.81,2800,18109,125,2019-08-01,False,False
AAWW,01-Aug-2019 11:40,36.14,36.14,35.67,35.75,33620,18109,130,2019-08-01,False,False
AAWW,01-Aug-2019 11:45,35.75,35.77,35.2,35.5,29724,18109,135,2019-08-01,False,False
AAWW,01-Aug-2019 11:50,35.68,35.79,35.55,35.67,10120,18109,140,2019-08-01,False,False
AAWW,01-Aug-2019 11:55,35.68,35.76,35.45,35.57,13106,18109,145,2019-08-01,False,False
AAWW,01-Aug-2019 12:00,35.59,35.59,35.28,35.39,10180,18109,150,2019-08-01,False,False
AAWW,01-Aug-2019 12:05,35.43,35.51,35.28,35.31,11200,18109,155,2019-08-01,False,False
AAWW,01-Aug-2019 12:10,35.4,35.4,35.0,35.03,34916,18109,160,2019-08-01,False,False
AAWW,01-Aug-2019 12:15,35.03,35.14,34.59,34.62,48583,18109,165,2019-08-01,False,False
AAWW,01-Aug-2019 12:20,34.56,34.88,34.32,34.88,47827,18109,170,2019-08-01,False,False
AAWW,01-Aug-2019 12:25,34.95,35.05,34.25,34.32,15540,18109,175,2019-08-01,False,False
AAWW,01-Aug-2019 12:30,34.34,34.56,34.34,34.5,7045,18109,180,2019-08-01,False,False
AAWW,01-Aug-2019 12:35,34.32,34.72,34.29,34.64,28026,18109,185,2019-08-01,False,False
AAWW,01-Aug-2019 12:40,34.64,34.65,34.46,34.54,20801,18109,190,2019-08-01,False,False
AAWW,01-Aug-2019 12:45,34.8,35.31,34.77,35.16,16179,18109,195,2019-08-01,False,False
AAWW,01-Aug-2019 12:50,35.13,35.31,35.13,35.29,3807,18109,200,2019-08-01,False,False
AAWW,01-Aug-2019 12:55,35.44,35.75,35.39,35.55,16256,18109,205,2019-08-01,False,False
AAWW,01-Aug-2019 13:00,35.55,35.75,35.46,35.7,11237,18109,210,2019-08-01,False,False
AAWW,01-Aug-2019 13:05,35.92,36.1,35.76,36.07,12702,18109,215,2019-08-01,False,False
AAWW,01-Aug-2019 13:10,36.07,36.24,36.07,36.13,9556,18109,220,2019-08-01,False,False
AAWW,01-Aug-2019 13:15,36.0,36.1,35.82,36.03,18725,18109,225,2019-08-01,False,False
AAWW,01-Aug-2019 13:20,36.06,36.1,35.5,35.52,10421,18109,230,2019-08-01,False,False
AAWW,01-Aug-2019 13:25,35.52,35.62,35.24,35.24,45935,18109,235,2019-08-01,False,False
AAWW,01-Aug-2019 13:30,35.05,35.16,34.49,34.53,117294,18109,240,2019-08-01,False,False
AAWW,01-Aug-2019 13:35,34.48,34.73,34.48,34.5,7382,18109,245,2019-08-01,False,False
AAWW,01-Aug-2019 13:40,34.68,35.01,34.63,34.82,10395,18109,250,2019-08-01,False,False
AAWW,01-Aug-2019 13:45,34.88,35.1,34.88,35.1,2755,18109,255,2019-08-01,False,False
AAWW,01-Aug-2019 13:50,35.42,35.42,35.22,35.3,3509,18109,260,2019-08-01,False,False
AAWW,01-Aug-2019 13:55,35.33,35.33,35.0,35.13,3768,18109,265,2019-08-01,False,False
AAWW,01-Aug-2019 14:00,35.33,35.53,35.33,35.53,730,18109,270,2019-08-01,False,False
AAWW,01-Aug-2019 14:05,35.35,35.38,35.25,35.29,6550,18109,275,2019-08-01,False,False
AAWW,01-Aug-2019 14:10,35.28,35.32,35.01,35.18,21170,18109,280,2019-08-01,False,False
AAWW,01-Aug-2019 14:15,35.19,35.2,34.72,34.99,23325,18109,285,2019-08-01,False,False
AAWW,01-Aug-2019 14:20,34.99,35.24,34.86,35.18,22231,18109,290,2019-08-01,False,False
AAWW,01-Aug-2019 14:25,35.24,35.5,35.22,35.5,8503,18109,295,2019-08-01,False,False
AAWW,01-Aug-2019 14:30,35.62,35.62,35.55,35.55,1359,18109,300,2019-08-01,False,False
AAWW,01-Aug-2019 14:35,35.24,35.52,35.19,35.46,5050,18109,305,2019-08-01,False,False
AAWW,01-Aug-2019 14:40,35.45,35.59,35.45,35.58,4993,18109,310,2019-08-01,False,False
AAWW,01-Aug-2019 14:45,35.5,35.65,35.45,35.56,17339,18109,315,2019-08-01,False,False
AAWW,01-Aug-2019 14:50,35.5,35.51,35.21,35.21,15746,18109,320,2019-08-01,False,False
AAWW,01-Aug-2019 14:55,35.25,35.4,35.13,35.34,24221,18109,325,2019-08-01,False,False
AAWW,01-Aug-2019 15:00,35.37,35.37,35.16,35.17,16032,18109,330,2019-08-01,False,False
AAWW,01-Aug-2019 15:05,35.19,35.21,35.14,35.21,8285,18109,335,2019-08-01,False,False
AAWW,01-Aug-2019 15:10,35.24,35.25,34.87,35.02,16451,18109,340,2019-08-01,False,False
AAWW,01-Aug-2019 15:15,35.05,35.05,35.05,35.05,100,18109,345,2019-08-01,False,False
AAWW,01-Aug-2019 15:20,35.2,35.25,34.87,35.0,13586,18109,350,2019-08-01,False,False
AAWW,01-Aug-2019 15:25,35.0,35.43,34.87,35.22,65478,18109,355,2019-08-01,False,False
AAWW,01-Aug-2019 15:30,35.2,35.29,34.82,35.0,19017,18109,360,2019-08-01,False,False
AAWW,01-Aug-2019 15:35,35.04,35.14,34.88,34.94,27569,18109,365,2019-08-01,False,False
AAWW,01-Aug-2019 15:40,34.96,35.11,34.1,34.98,113183,18109,370,2019-08-01,False,False
AAWW,01-Aug-2019 15:45,34.98,34.98,34.69,34.69,16592,18109,375,2019-08-01,False,False
AAWW,01-Aug-2019 15:50,34.41,34.53,33.72,34.39,121107,18109,380,2019-08-01,False,False
AAWW,01-Aug-2019 15:55,34.38,34.57,34.22,34.4,61319,18109,385,2019-08-01,False,False
AAWW,01-Aug-2019 16:00,34.41,34.41,34.41,34.41,40479,18109,390,2019-08-01,False,False
AAWW,02-Aug-2019 09:30,34.61,35.13,34.02,34.03,8765,18110,0,2019-08-02,False,True
AAWW,02-Aug-2019 09:35,34.06,34.23,34.02,34.17,8984,18110,5,2019-08-02,False,True
AAWW,02-Aug-2019 09:40,34.05,34.1,33.59,33.97,10812,18110,10,2019-08-02,False,True
AAWW,02-Aug-2019 09:45,33.94,33.98,33.85,33.85,11075,18110,15,2019-08-02,False,True
AAWW,02-Aug-2019 09:50,33.85,33.92,33.59,33.68,25668,18110,20,2019-08-02,False,True
AAWW,02-Aug-2019 09:55,33.68,33.72,33.35,33.35,15290,18110,25,2019-08-02,False,True
AAWW,02-Aug-2019 10:00,33.3,33.3,32.74,32.88,37228,18110,30,2019-08-02,False,True
AAWW,02-Aug-2019 10:05,32.74,32.89,32.13,32.21,23769,18110,35,2019-08-02,False,True
AAWW,02-Aug-2019 10:10,32.26,32.67,32.26,32.39,12944,18110,40,2019-08-02,False,True
AAWW,02-Aug-2019 10:15,32.32,32.57,32.15,32.57,9643,18110,45,2019-08-02,False,True
AAWW,02-Aug-2019 10:20,32.63,32.68,32.41,32.67,5832,18110,50,2019-08-02,False,True
AAWW,02-Aug-2019 10:25,32.6,32.69,32.57,32.57,2400,18110,55,2019-08-02,False,True
AAWW,02-Aug-2019 10:30,32.6,32.65,32.41,32.53,10695,18110,60,2019-08-02,False,True
AAWW,02-Aug-2019 10:35,32.51,32.92,32.51,32.82,7239,18110,65,2019-08-02,False,True
AAWW,02-Aug-2019 10:40,32.86,33.22,32.86,33.11,7673,18110,70,2019-08-02,False,True
AAWW,02-Aug-2019 10:45,33.09,33.2,32.41,32.46,10230,18110,75,2019-08-02,False,True
AAWW,02-Aug-2019 10:50,32.46,32.73,32.31,32.38,14865,18110,80,2019-08-02,False,True
AAWW,02-Aug-2019 10:55,32.34,32.51,32.31,32.5,7799,18110,85,2019-08-02,False,True
AAWW,02-Aug-2019 11:00,32.47,32.52,32.34,32.52,14458,18110,90,2019-08-02,False,True
AAWW,02-Aug-2019 11:05,32.57,32.83,32.57,32.72,17500,18110,95,2019-08-02,False,True
AAWW,02-Aug-2019 11:10,32.71,32.81,32.61,32.64,14966,18110,100,2019-08-02,False,True
AAWW,02-Aug-2019 11:15,32.64,33.04,32.64,33.04,6014,18110,105,2019-08-02,False,True
AAWW,02-Aug-2019 11:20,33.0,33.18,32.93,32.93,8245,18110,110,2019-08-02,False,True
AAWW,02-Aug-2019 11:25,32.87,32.96,32.78,32.92,3935,18110,115,2019-08-02,False,True
AAWW,02-Aug-2019 11:30,32.92,32.98,32.75,32.75,7623,18110,120,2019-08-02,False,True
AAWW,02-Aug-2019 11:35,32.73,32.73,32.53,32.62,6260,18110,125,2019-08-02,False,True
AAWW,02-Aug-2019 11:40,32.62,32.65,32.46,32.53,7643,18110,130,2019-08-02,False,True
AAWW,02-Aug-2019 11:45,32.48,32.53,32.43,32.53,1900,18110,135,2019-08-02,False,True
AAWW,02-Aug-2019 11:50,32.48,32.61,32.39,32.61,6800,18110,140,2019-08-02,False,True
AAWW,02-Aug-2019 11:55,32.66,32.69,32.52,32.62,6002,18110,145,2019-08-02,False,True
AAWW,02-Aug-2019 12:00,32.62,32.62,32.42,32.44,9344,18110,150,2019-08-02,False,True
AAWW,02-Aug-2019 12:05,32.44,32.6,32.43,32.58,8388,18110,155,2019-08-02,False,True
AAWW,02-Aug-2019 12:10,32.6,32.66,32.56,32.56,3359,18110,160,2019-08-02,False,True
AAWW,02-Aug-2019 12:15,32.58,32.63,32.57,32.63,4200,18110,165,2019-08-02,False,True
AAWW,02-Aug-2019 12:20,32.65,32.74,32.62,32.74,2820,18110,170,2019-08-02,False,True
AAWW,02-Aug-2019 12:25,32.73,32.73,32.5,32.53,6300,18110,175,2019-08-02,False,True
AAWW,02-Aug-2019 12:30,32.52,32.73,32.51,32.71,7434,18110,180,2019-08-02,False,True
AAWW,02-Aug-2019 12:35,32.71,32.71,32.59,32.67,4135,18110,185,2019-08-02,False,True
AAWW,02-Aug-2019 12:40,32.66,32.7,32.66,32.68,1600,18110,190,2019-08-02,False,True
AAWW,02-Aug-2019 12:45,32.56,32.65,32.45,32.46,8590,18110,195,2019-08-02,False,True
AAWW,02-Aug-2019 12:50,32.46,32.48,32.39,32.4,4368,18110,200,2019-08-02,False,True
AAWW,02-Aug-2019 12:55,32.42,32.57,32.39,32.55,13671,18110,205,2019-08-02,False,True
AAWW,02-Aug-2019 13:00,32.5,32.56,32.45,32.54,2450,18110,210,2019-08-02,False,True
AAWW,02-Aug-2019 13:05,32.52,32.57,32.48,32.54,5648,18110,215,2019-08-02,False,True
AAWW,02-Aug-2019 13:10,32.54,32.57,32.52,32.56,2545,18110,220,2019-08-02,False,True
AAWW,02-Aug-2019 13:15,32.53,32.6,32.51,32.51,3200,18110,225,2019-08-02,False,True
AAWW,02-Aug-2019 13:20,32.52,32.55,32.36,32.38,4858,18110,230,2019-08-02,False,True
AAWW,02-Aug-2019 13:25,32.38,32.49,32.35,32.45,5506,18110,235,2019-08-02,False,True
AAWW,02-Aug-2019 13:30,32.45,32.46,32.43,32.46,725,18110,240,2019-08-02,False,True
AAWW,02-Aug-2019 13:35,32.45,32.46,32.42,32.45,2500,18110,245,2019-08-02,False,True
AAWW,02-Aug-2019 13:40,32.45,32.53,32.41,32.5,5742,18110,250,2019-08-02,False,True
AAWW,02-Aug-2019 13:45,32.49,32.49,32.39,32.4,5054,18110,255,2019-08-02,False,True
AAWW,02-Aug-2019 13:50,32.4,32.5,32.39,32.5,8516,18110,260,2019-08-02,False,True
AAWW,02-Aug-2019 13:55,32.5,32.63,32.48,32.58,3925,18110,265,2019-08-02,False,True
AAWW,02-Aug-2019 14:00,32.59,32.87,32.53,32.87,20426,18110,270,2019-08-02,False,True
AAWW,02-Aug-2019 14:05,32.85,32.97,32.82,32.97,9983,18110,275,2019-08-02,False,True
AAWW,02-Aug-2019 14:10,32.97,33.42,32.97,33.36,16737,18110,280,2019-08-02,False,True
AAWW,02-Aug-2019 14:15,33.37,33.49,33.16,33.43,7349,18110,285,2019-08-02,False,True
AAWW,02-Aug-2019 14:20,33.47,33.69,33.41,33.44,13410,18110,290,2019-08-02,False,True
AAWW,02-Aug-2019 14:25,33.42,33.55,33.36,33.43,7804,18110,295,2019-08-02,False,True
AAWW,02-Aug-2019 14:30,33.42,33.58,33.42,33.52,5400,18110,300,2019-08-02,False,True
AAWW,02-Aug-2019 14:35,33.48,33.62,33.48,33.56,6647,18110,305,2019-08-02,False,True
AAWW,02-Aug-2019 14:40,33.61,33.61,33.23,33.25,8774,18110,310,2019-08-02,False,True
AAWW,02-Aug-2019 14:45,33.23,33.32,33.13,33.24,9787,18110,315,2019-08-02,False,True
AAWW,02-Aug-2019 14:50,33.16,33.25,33.15,33.23,4802,18110,320,2019-08-02,False,True
AAWW,02-Aug-2019 14:55,33.17,33.2,32.81,32.99,8706,18110,325,2019-08-02,False,True
AAWW,02-Aug-2019 15:00,32.96,33.15,32.96,33.07,5688,18110,330,2019-08-02,False,True
AAWW,02-Aug-2019 15:05,33.05,33.15,32.89,32.99,10701,18110,335,2019-08-02,False,True
AAWW,02-Aug-2019 15:10,32.99,33.1,32.91,33.02,8030,18110,340,2019-08-02,False,True
AAWW,02-Aug-2019 15:15,33.02,33.08,32.95,32.97,8511,18110,345,2019-08-02,False,True
AAWW,02-Aug-2019 15:20,32.95,33.14,32.95,33.06,10531,18110,350,2019-08-02,False,True
AAWW,02-Aug-2019 15:25,33.03,33.04,32.66,32.67,11700,18110,355,2019-08-02,False,True
AAWW,02-Aug-2019 15:30,32.66,32.89,32.62,32.89,13299,18110,360,2019-08-02,False,True
AAWW,02-Aug-2019 15:35,32.86,32.89,32.59,32.62,13199,18110,365,2019-08-02,False,True
AAWW,02-Aug-2019 15:40,32.6,32.89,32.57,32.89,18633,18110,370,2019-08-02,False,True
AAWW,02-Aug-2019 15:45,32.86,32.88,32.74,32.74,14719,18110,375,2019-08-02,False,True
AAWW,02-Aug-2019 15:50,32.74,32.76,32.72,32.72,23568,18110,380,2019-08-02,False,True
AAWW,02-Aug-2019 15:55,32.72,32.8,32.7,32.74,27193,18110,385,2019-08-02,False,True
AAWW,02-Aug-2019 16:00,32.75,32.75,32.75,32.75,38318,18110,390,2019-08-02,False,True
AAWW,05-Aug-2019 09:30,32.07,32.49,31.58,31.97,28681,18113,0,2019-08-05,True,False
AAWW,05-Aug-2019 09:35,32.29,32.64,32.07,32.52,6809,18113,5,2019-08-05,True,False
AAWW,05-Aug-2019 09:40,32.66,32.7,32.47,32.69,2233,18113,10,2019-08-05,True,False
AAWW,05-Aug-2019 09:45,32.51,32.54,32.23,32.3,3672,18113,15,2019-08-05,True,False
AAWW,05-Aug-2019 09:50,32.23,32.35,32.22,32.35,1700,18113,20,2019-08-05,True,False
AAWW,05-Aug-2019 09:55,32.2,32.2,31.77,31.79,3400,18113,25,2019-08-05,True,False
AAWW,05-Aug-2019 10:00,31.77,31.84,31.55,31.73,6143,18113,30,2019-08-05,True,False
AAWW,05-Aug-2019 10:05,31.66,31.69,31.56,31.62,4016,18113,35,2019-08-05,True,False
AAWW,05-Aug-2019 10:10,31.67,31.68,31.48,31.52,6052,18113,40,2019-08-05,True,False
AAWW,05-Aug-2019 10:15,31.55,31.55,31.26,31.37,4700,18113,45,2019-08-05,True,False
AAWW,05-Aug-2019 10:20,31.37,31.48,31.3,31.41,5400,18113,50,2019-08-05,True,False
AAWW,05-Aug-2019 10:25,31.4,31.4,31.34,31.34,200,18113,55,2019-08-05,True,False
AAWW,05-Aug-2019 10:30,31.26,31.39,30.98,31.34,24237,18113,60,2019-08-05,True,False
AAWW,05-Aug-2019 10:35,31.26,31.59,31.22,31.23,19281,18113,65,2019-08-05,True,False
AAWW,05-Aug-2019 10:40,31.22,31.31,31.21,31.21,1350,18113,70,2019-08-05,True,False
AAWW,05-Aug-2019 10:45,31.17,31.53,31.17,31.53,4583,18113,75,2019-08-05,True,False
AAWW,05-Aug-2019 10:50,31.54,31.59,31.45,31.48,1400,18113,80,2019-08-05,True,False
AAWW,05-Aug-2019 10:55,31.49,31.64,31.49,31.64,1066,18113,85,2019-08-05,True,False
AAWW,05-Aug-2019 11:00,31.62,31.65,31.58,31.65,1137,18113,90,2019-08-05,True,False
AAWW,05-Aug-2019 11:05,31.71,31.81,31.65,31.65,1803,18113,95,2019-08-05,True,False
AAWW,05-Aug-2019 11:10,31.66,31.66,31.65,31.65,200,18113,100,2019-08-05,True,False
AAWW,05-Aug-2019 11:15,31.77,31.86,31.63,31.74,10674,18113,105,2019-08-05,True,False
AAWW,05-Aug-2019 11:20,31.72,31.74,31.72,31.74,600,18113,110,2019-08-05,True,False
AAWW,05-Aug-2019 11:25,31.89,31.9,31.77,31.9,3078,18113,115,2019-08-05,True,False
AAWW,05-Aug-2019 11:30,31.9,31.92,31.86,31.88,1843,18113,120,2019-08-05,True,False
AAWW,05-Aug-2019 11:35,31.81,31.82,31.75,31.77,2003,18113,125,2019-08-05,True,False
AAWW,05-Aug-2019 11:40,31.73,31.73,31.58,31.62,2320,18113,130,2019-08-05,True,False
AAWW,05-Aug-2019 11:45,31.58,31.6,31.51,31.59,5630,18113,135,2019-08-05,True,False
AAWW,05-Aug-2019 11:50,31.6,31.62,31.44,31.53,3543,18113,140,2019-08-05,True,False
AAWW,05-Aug-2019 11:55,31.55,31.63,31.51,31.6,5270,18113,145,2019-08-05,True,False
AAWW,05-Aug-2019 12:00,31.53,31.53,31.45,31.49,5113,18113,150,2019-08-05,True,False
AAWW,05-Aug-2019 12:05,31.49,31.51,31.47,31.47,598,18113,155,2019-08-05,True,False
AAWW,05-Aug-2019 12:10,31.46,31.58,31.45,31.52,4984,18113,160,2019-08-05,True,False
AAWW,05-Aug-2019 12:15,31.56,31.59,31.52,31.53,1851,18113,165,2019-08-05,True,False
AAWW,05-Aug-2019 12:20,31.59,31.59,31.53,31.57,4236,18113,170,2019-08-05,True,False
AAWW,05-Aug-2019 12:25,31.56,31.59,31.46,31.52,9036,18113,175,2019-08-05,True,False
AAWW,05-Aug-2019 12:30,31.55,31.6,31.55,31.58,1100,18113,180,2019-08-05,True,False
AAWW,05-Aug-2019 12:35,31.55,31.64,31.49,31.64,2774,18113,185,2019-08-05,True,False
AAWW,05-Aug-2019 12:40,31.61,31.61,31.61,31.61,100,18113,190,2019-08-05,True,False
AAWW,05-Aug-2019 12:45,31.63,31.73,31.63,31.64,1644,18113,195,2019-08-05,True,False
AAWW,05-Aug-2019 12:50,31.62,31.62,31.62,31.62,100,18113,200,2019-08-05,True,False
AAWW,05-Aug-2019 12:55,31.62,31.62,31.45,31.49,5547,18113,205,2019-08-05,True,False
AAWW,05-Aug-2019 13:00,31.54,31.54,31.5,31.54,1200,18113,210,2019-08-05,True,False
AAWW,05-Aug-2019 13:05,31.53,31.6,31.53,31.59,2300,18113,215,2019-08-05,True,False
AAWW,05-Aug-2019 13:10,31.56,31.63,31.55,31.55,800,18113,220,2019-08-05,True,False
AAWW,05-Aug-2019 13:15,31.55,31.58,31.51,31.52,1711,18113,225,2019-08-05,True,False
AAWW,05-Aug-2019 13:20,31.57,31.59,31.5,31.55,2000,18113,230,2019-08-05,True,False
AAWW,05-Aug-2019 13:25,31.51,31.56,31.4,31.45,3400,18113,235,2019-08-05,True,False
AAWW,05-Aug-2019 13:30,31.43,31.47,31.4,31.42,1622,18113,240,2019-08-05,True,False
AAWW,05-Aug-2019 13:35,31.44,31.52,31.4,31.52,3455,18113,245,2019-08-05,True,False
AAWW,05-Aug-2019 13:40,31.51,31.52,31.37,31.41,3100,18113,250,2019-08-05,True,False
AAWW,05-Aug-2019 13:45,31.41,31.41,31.37,31.4,750,18113,255,2019-08-05,True,False
AAWW,05-Aug-2019 13:50,31.33,31.37,31.28,31.37,2500,18113,260,2019-08-05,True,False
AAWW,05-Aug-2019 13:55,31.38,31.38,31.32,31.32,764,18113,265,2019-08-05,True,False
AAWW,05-Aug-2019 14:00,31.38,31.38,31.29,31.29,1445,18113,270,2019-08-05,True,False
AAWW,05-Aug-2019 14:05,31.3,31.34,31.27,31.34,4192,18113,275,2019-08-05,True,False
AAWW,05-Aug-2019 14:10,31.28,31.3,31.26,31.26,1900,18113,280,2019-08-05,True,False
AAWW,05-Aug-2019 14:15,31.24,31.24,31.11,31.12,5238,18113,285,2019-08-05,True,False
AAWW,05-Aug-2019 14:20,31.1,31.11,30.99,31.0,6284,18113,290,2019-08-05,True,False
AAWW,05-Aug-2019 14:25,30.96,30.97,30.88,30.94,5213,18113,295,2019-08-05,True,False
AAWW,05-Aug-2019 14:30,30.96,30.96,30.96,30.96,200,18113,300,2019-08-05,True,False
AAWW,05-Aug-2019 14:35,31.27,31.28,31.2,31.21,3475,18113,305,2019-08-05,True,False
AAWW,05-Aug-2019 14:40,31.23,31.23,31.23,31.23,200,18113,310,2019-08-05,True,False
AAWW,05-Aug-2019 14:45,31.2,31.35,31.19,31.34,4514,18113,315,2019-08-05,True,False
AAWW,05-Aug-2019 14:50,31.31,31.32,31.27,31.3,1720,18113,320,2019-08-05,True,False
AAWW,05-Aug-2019 14:55,31.14,31.16,30.82,30.82,13123,18113,325,2019-08-05,True,False
AAWW,05-Aug-2019 15:00,30.85,30.93,30.85,30.88,4029,18113,330,2019-08-05,True,False
AAWW,05-Aug-2019 15:05,30.96,30.96,30.89,30.89,4713,18113,335,2019-08-05,True,False
AAWW,05-Aug-2019 15:10,30.91,31.2,30.9,31.18,7352,18113,340,2019-08-05,True,False
AAWW,05-Aug-2019 15:15,31.25,31.25,31.13,31.19,5440,18113,345,2019-08-05,True,False
AAWW,05-Aug-2019 15:20,31.22,31.24,31.16,31.16,4354,18113,350,2019-08-05,True,False
AAWW,05-Aug-2019 15:25,31.14,31.18,30.94,30.95,6687,18113,355,2019-08-05,True,False
AAWW,05-Aug-2019 15:30,30.97,31.12,30.97,31.09,12512,18113,360,2019-08-05,True,False
AAWW,05-Aug-2019 15:35,31.07,31.1,31.02,31.1,3630,18113,365,2019-08-05,True,False
AAWW,05-Aug-2019 15:40,31.11,31.17,31.1,31.13,9458,18113,370,2019-08-05,True,False
AAWW,05-Aug-2019 15:45,31.14,31.16,31.12,31.12,3908,18113,375,2019-08-05,True,False
AAWW,05-Aug-2019 15:50,31.12,31.12,31.0,31.06,12040,18113,380,2019-08-05,True,False
AAWW,05-Aug-2019 15:55,31.04,31.1,31.01,31.1,10337,18113,385,2019-08-05,True,False
AAWW,05-Aug-2019 16:00,31.02,31.02,31.02,31.02,31319,18113,390,2019-08-05,True,False
AAWW,06-Aug-2019 09:30,31.63,32.38,31.63,31.91,8144,18114,0,2019-08-06,False,False
AAWW,06-Aug-2019 09:35,31.64,32.09,31.05,31.33,61475,18114,5,2019-08-06,False,False
AAWW,06-Aug-2019 09:40,31.23,31.38,31.0,31.16,10089,18114,10,2019-08-06,False,False
AAWW,06-Aug-2019 09:45,31.16,31.16,30.9,30.9,6239,18114,15,2019-08-06,False,False
AAWW,06-Aug-2019 09:50,30.95,31.02,30.85,30.89,4761,18114,20,2019-08-06,False,False
AAWW,06-Aug-2019 09:55,30.85,30.85,30.47,30.47,3685,18114,25,2019-08-06,False,False
AAWW,06-Aug-2019 10:00,30.5,30.98,30.5,30.89,6518,18114,30,2019-08-06,False,False
AAWW,06-Aug-2019 10:05,30.8,30.92,30.7,30.7,3220,18114,35,2019-08-06,False,False
AAWW,06-Aug-2019 10:10,30.61,30.7,30.61,30.66,1692,18114,40,2019-08-06,False,False
AAWW,06-Aug-2019 10:15,30.61,30.68,30.35,30.35,11318,18114,45,2019-08-06,False,False
AAWW,06-Aug-2019 10:20,30.42,30.78,30.42,30.74,21750,18114,50,2019-08-06,False,False
AAWW,06-Aug-2019 10:25,30.58,30.64,30.43,30.43,4535,18114,55,2019-08-06,False,False
AAWW,06-Aug-2019 10:30,30.37,30.45,30.33,30.33,3300,18114,60,2019-08-06,False,False
AAWW,06-Aug-2019 10:35,30.52,30.62,30.49,30.62,1700,18114,65,2019-08-06,False,False
AAWW,06-Aug-2019 10:40,30.56,30.56,30.5,30.5,1200,18114,70,2019-08-06,False,False
AAWW,06-Aug-2019 10:45,30.44,30.46,30.33,30.41,4100,18114,75,2019-08-06,False,False
AAWW,06-Aug-2019 10:50,30.45,30.59,30.43,30.57,2539,18114,80,2019-08-06,False,False
AAWW,06-Aug-2019 10:55,30.58,30.58,30.49,30.49,800,18114,85,2019-08-06,False,False
AAWW,06-Aug-2019 11:00,30.43,30.45,30.36,30.41,4416,18114,90,2019-08-06,False,False
AAWW,06-Aug-2019 11:05,30.37,30.37,30.32,30.32,500,18114,95,2019-08-06,False,False
AAWW,06-Aug-2019 11:10,30.39,30.4,30.25,30.25,2750,18114,100,2019-08-06,False,False
AAWW,06-Aug-2019 11:15,30.19,30.19,30.03,30.11,2943,18114,105,2019-08-06,False,False
AAWW,06-Aug-2019 11:20,30.04,30.25,30.03,30.03,6843,18114,110,2019-08-06,False,False
AAWW,06-Aug-2019 11:25,30.03,30.07,30.03,30.04,1900,18114,115,2019-08-06,False,False
AAWW,06-Aug-2019 11:30,30.07,30.19,30.03,30.05,5300,18114,120,2019-08-06,False,False
AAWW,06-Aug-2019 11:35,30.08,30.15,30.08,30.15,700,18114,125,2019-08-06,False,False
AAWW,06-Aug-2019 11:40,30.09,30.27,30.04,30.27,5534,18114,130,2019-08-06,False,False
AAWW,06-Aug-2019 11:45,30.21,30.34,30.2,30.3,5400,18114,135,2019-08-06,False,False
AAWW,06-Aug-2019 11:50,30.29,30.31,30.15,30.15,900,18114,140,2019-08-06,False,False
AAWW,06-Aug-2019 11:55,30.18,30.19,30.08,30.11,2100,18114,145,2019-08-06,False,False
AAWW,06-Aug-2019 12:00,30.11,30.11,30.11,30.11,200,18114,150,2019-08-06,False,False
AAWW,06-Aug-2019 12:05,30.08,30.15,30.04,30.15,4700,18114,155,2019-08-06,False,False
AAWW,06-Aug-2019 12:10,30.15,30.18,30.12,30.12,2479,18114,160,2019-08-06,False,False
AAWW,06-Aug-2019 12:15,30.18,30.2,30.09,30.09,5800,18114,165,2019-08-06,False,False
AAWW,06-Aug-2019 12:20,30.12,30.12,30.03,30.03,2400,18114,170,2019-08-06,False,False
AAWW,06-Aug-2019 12:25,30.07,30.1,30.06,30.06,1200,18114,175,2019-08-06,False,False
AAWW,06-Aug-2019 12:30,30.03,30.09,30.01,30.08,823,18114,180,2019-08-06,False,False
AAWW,06-Aug-2019 12:35,30.11,30.11,30.06,30.11,1100,18114,185,2019-08-06,False,False
AAWW,06-Aug-2019 12:40,30.09,30.17,30.09,30.11,1025,18114,190,2019-08-06,False,False
AAWW,06-Aug-2019 12:45,30.23,30.27,30.1,30.1,4000,18114,195,2019-08-06,False,False
AAWW,06-Aug-2019 12:50,30.15,30.15,30.08,30.08,400,18114,200,2019-08-06,False,False
AAWW,06-Aug-2019 12:55,30.11,30.17,30.11,30.16,1500,18114,205,2019-08-06,False,False
AAWW,06-Aug-2019 13:00,30.15,30.24,30.15,30.24,716,18114,210,2019-08-06,False,False
AAWW,06-Aug-2019 13:05,30.18,30.18,30.18,30.18,100,18114,215,2019-08-06,False,False
AAWW,06-Aug-2019 13:10,30.16,30.16,30.1,30.12,754,18114,220,2019-08-06,False,False
AAWW,06-Aug-2019 13:15,30.11,30.11,30.02,30.02,400,18114,225,2019-08-06,False,False
AAWW,06-Aug-2019 13:20,29.97,30.02,29.97,30.02,860,18114,230,2019-08-06,False,False
AAWW,06-Aug-2019 13:25,30.02,30.11,30.02,30.11,1700,18114,235,2019-08-06,False,False
AAWW,06-Aug-2019 13:30,30.08,30.12,30.08,30.12,3712,18114,240,2019-08-06,False,False
AAWW,06-Aug-2019 13:35,30.09,30.1,30.08,30.1,500,18114,245,2019-08-06,False,False
AAWW,06-Aug-2019 13:40,30.1,30.11,30.06,30.11,1905,18114,250,2019-08-06,False,False
AAWW,06-Aug-2019 13:45,30.12,30.14,30.09,30.14,1714,18114,255,2019-08-06,False,False
AAWW,06-Aug-2019 13:50,30.16,30.17,30.16,30.17,200,18114,260,2019-08-06,False,False
AAWW,06-Aug-2019 13:55,30.17,30.17,30.11,30.16,900,18114,265,2019-08-06,False,False
AAWW,06-Aug-2019 14:00,30.17,30.17,30.17,30.17,100,18114,270,2019-08-06,False,False
AAWW,06-Aug-2019 14:05,30.15,30.31,30.13,30.15,6098,18114,275,2019-08-06,False,False
AAWW,06-Aug-2019 14:10,30.2,30.2,30.12,30.12,2579,18114,280,2019-08-06,False,False
AAWW,06-Aug-2019 14:15,30.15,30.3,30.15,30.3,852,18114,285,2019-08-06,False,False
AAWW,06-Aug-2019 14:20,30.3,30.3,30.22,30.22,1000,18114,290,2019-08-06,False,False
AAWW,06-Aug-2019 14:25,30.3,30.3,30.24,30.24,400,18114,295,2019-08-06,False,False
AAWW,06-Aug-2019 14:30,30.26,30.26,30.22,30.23,1600,18114,300,2019-08-06,False,False
AAWW,06-Aug-2019 14:35,30.24,30.25,30.12,30.19,1864,18114,305,2019-08-06,False,False
AAWW,06-Aug-2019 14:40,30.18,30.18,30.1,30.11,2688,18114,310,2019-08-06,False,False
AAWW,06-Aug-2019 14:45,30.1,30.1,30.0,30.0,4740,18114,315,2019-08-06,False,False
AAWW,06-Aug-2019 14:50,30.0,30.07,29.97,30.0,5972,18114,320,2019-08-06,False,False
AAWW,06-Aug-2019 14:55,30.0,30.0,29.99,30.0,500,18114,325,2019-08-06,False,False
AAWW,06-Aug-2019 15:00,30.0,30.07,29.98,30.06,4710,18114,330,2019-08-06,False,False
AAWW,06-Aug-2019 15:05,30.05,30.15,30.05,30.15,1300,18114,335,2019-08-06,False,False
AAWW,06-Aug-2019 15:10,30.02,30.09,30.02,30.07,5711,18114,340,2019-08-06,False,False
AAWW,06-Aug-2019 15:15,30.07,30.12,30.06,30.06,1900,18114,345,2019-08-06,False,False
AAWW,06-Aug-2019 15:20,30.11,30.18,30.11,30.16,5164,18114,350,2019-08-06,False,False
AAWW,06-Aug-2019 15:25,30.19,30.21,30.17,30.18,1300,18114,355,2019-08-06,False,False
AAWW,06-Aug-2019 15:30,30.21,30.28,30.13,30.25,7866,18114,360,2019-08-06,False,False
AAWW,06-Aug-2019 15:35,30.28,30.72,30.28,30.72,12337,18114,365,2019-08-06,False,False
AAWW,06-Aug-2019 15:40,30.68,30.69,30.56,30.62,6222,18114,370,2019-08-06,False,False
AAWW,06-Aug-2019 15:45,30.62,30.64,30.38,30.38,8885,18114,375,2019-08-06,False,False
AAWW,06-Aug-2019 15:50,30.41,30.54,30.4,30.48,11757,18114,380,2019-08-06,False,False
AAWW,06-Aug-2019 15:55,30.43,30.53,30.41,30.49,13511,18114,385,2019-08-06,False,False
AAWW,06-Aug-2019 16:00,30.48,30.48,30.48,30.48,23588,18114,390,2019-08-06,False,False
AAWW,07-Aug-2019 09:30,30.31,30.31,29.31,29.75,53097,18115,0,2019-08-07,False,False
AAWW,07-Aug-2019 09:35,29.76,30.06,29.76,30.06,8120,18115,5,2019-08-07,False,False
AAWW,07-Aug-2019 09:40,29.91,30.06,29.9,29.9,1050,18115,10,2019-08-07,False,False
AAWW,07-Aug-2019 09:45,29.97,29.97,29.46,29.46,4820,18115,15,2019-08-07,False,False
AAWW,07-Aug-2019 09:50,29.19,29.5,29.18,29.33,2784,18115,20,2019-08-07,False,False
AAWW,07-Aug-2019 09:55,29.37,29.44,29.24,29.44,2743,18115,25,2019-08-07,False,False
AAWW,07-Aug-2019 10:00,29.44,29.44,29.26,29.41,7807,18115,30,2019-08-07,False,False
AAWW,07-Aug-2019 10:05,29.47,29.68,29.37,29.47,6899,18115,35,2019-08-07,False,False
AAWW,07-Aug-2019 10:10,29.51,29.51,29.51,29.51,100,18115,40,2019-08-07,False,False
AAWW,07-Aug-2019 10:15,29.64,29.98,29.62,29.91,21090,18115,45,2019-08-07,False,False
AAWW,07-Aug-2019 10:20,29.88,29.93,29.87,29.87,900,18115,50,2019-08-07,False,False
AAWW,07-Aug-2019 10:25,29.88,29.88,29.69,29.75,8907,18115,55,2019-08-07,False,False
AAWW,07-Aug-2019 10:30,29.71,29.93,29.67,29.88,6284,18115,60,2019-08-07,False,False
AAWW,07-Aug-2019 10:35,29.94,30.04,29.94,30.02,3324,18115,65,2019-08-07,False,False
AAWW,07-Aug-2019 10:40,30.03,30.03,29.92,29.94,2304,18115,70,2019-08-07,False,False
AAWW,07-Aug-2019 10:45,29.94,30.0,29.74,29.79,3400,18115,75,2019-08-07,False,False
AAWW,07-Aug-2019 10:50,29.78,29.94,29.78,29.9,3500,18115,80,2019-08-07,False,False
AAWW,07-Aug-2019 10:55,29.79,29.97,29.74,29.97,3800,18115,85,2019-08-07,False,False
AAWW,07-Aug-2019 11:00,29.94,29.94,29.72,29.72,3164,18115,90,2019-08-07,False,False
AAWW,07-Aug-2019 11:05,29.71,29.71,29.7,29.7,385,18115,95,2019-08-07,False,False
AAWW,07-Aug-2019 11:10,29.71,29.81,29.67,29.7,1535,18115,100,2019-08-07,False,False
AAWW,07-Aug-2019 11:15,29.62,29.62,29.56,29.57,1700,18115,105,2019-08-07,False,False
AAWW,07-Aug-2019 11:20,29.65,29.66,29.48,29.48,6471,18115,110,2019-08-07,False,False
AAWW,07-Aug-2019 11:25,29.49,29.52,29.45,29.5,1500,18115,115,2019-08-07,False,False
AAWW,07-Aug-2019 11:30,29.49,29.5,29.45,29.5,1770,18115,120,2019-08-07,False,False
AAWW,07-Aug-2019 11:35,29.47,29.47,29.37,29.37,2182,18115,125,2019-08-07,False,False
AAWW,07-Aug-2019 11:40,29.31,29.36,29.3,29.36,4850,18115,130,2019-08-07,False,False
AAWW,07-Aug-2019 11:45,29.34,29.37,29.33,29.36,1575,18115,135,2019-08-07,False,False
AAWW,07-Aug-2019 11:50,29.38,29.39,29.38,29.38,400,18115,140,2019-08-07,False,False
AAWW,07-Aug-2019 11:55,29.43,29.46,29.39,29.4,1800,18115,145,2019-08-07,False,False
AAWW,07-Aug-2019 12:00,29.4,29.4,29.36,29.36,200,18115,150,2019-08-07,False,False
AAWW,07-Aug-2019 12:05,29.37,29.4,29.37,29.37,755,18115,155,2019-08-07,False,False
AAWW,07-Aug-2019 12:10,29.34,29.42,29.34,29.39,700,18115,160,2019-08-07,False,False
AAWW,07-Aug-2019 12:15,29.62,29.86,29.62,29.86,1200,18115,165,2019-08-07,False,False
AAWW,07-Aug-2019 12:20,29.77,29.82,29.71,29.71,800,18115,170,2019-08-07,False,False
AAWW,07-Aug-2019 12:25,29.55,29.59,29.55,29.55,1400,18115,175,2019-08-07,False,False
AAWW,07-Aug-2019 12:30,29.56,29.59,29.56,29.59,300,18115,180,2019-08-07,False,False
AAWW,07-Aug-2019 12:35,29.62,29.62,29.6,29.6,375,18115,185,2019-08-07,False,False
AAWW,07-Aug-2019 12:40,29.64,29.7,29.61,29.7,1143,18115,190,2019-08-07,False,False
AAWW,07-Aug-2019 12:45,29.69,29.7,29.69,29.7,400,18115,195,2019-08-07,False,False
AAWW,07-Aug-2019 12:50,29.69,29.71,29.65,29.66,2850,18115,200,2019-08-07,False,False
AAWW,07-Aug-2019 12:55,29.65,29.65,29.65,29.65,2800,18115,205,2019-08-07,False,False
AAWW,07-Aug-2019 13:00,29.7,29.7,29.7,29.7,400,18115,210,2019-08-07,False,False
AAWW,07-Aug-2019 13:05,29.7,29.7,29.7,29.7,200,18115,215,2019-08-07,False,False
AAWW,07-Aug-2019 13:10,29.82,29.82,29.65,29.65,1600,18115,220,2019-08-07,False,False
AAWW,07-Aug-2019 13:15,29.7,29.71,29.7,29.71,200,18115,225,2019-08-07,False,False
AAWW,07-Aug-2019 13:20,29.65,29.7,29.64,29.67,4350,18115,230,2019-08-07,False,False
AAWW,07-Aug-2019 13:25,29.65,29.65,29.54,29.61,2300,18115,235,2019-08-07,False,False
AAWW,07-Aug-2019 13:30,29.62,29.72,29.62,29.68,1300,18115,240,2019-08-07,False,False
AAWW,07-Aug-2019 13:35,29.7,29.7,29.63,29.63,400,18115,245,2019-08-07,False,False
AAWW,07-Aug-2019 13:40,29.59,29.66,29.59,29.65,1850,18115,250,2019-08-07,False,False
AAWW,07-Aug-2019 13:45,29.69,29.7,29.59,29.7,2299,18115,255,2019-08-07,False,False
AAWW,07-Aug-2019 13:50,29.64,29.67,29.64,29.67,900,18115,260,2019-08-07,False,False
AAWW,07-Aug-2019 13:55,29.69,29.71,29.67,29.71,1056,18115,265,2019-08-07,False,False
AAWW,07-Aug-2019 14:00,29.7,29.75,29.7,29.74,1700,18115,270,2019-08-07,False,False
AAWW,07-Aug-2019 14:05,29.75,29.79,29.75,29.75,600,18115,275,2019-08-07,False,False
AAWW,07-Aug-2019 14:10,29.79,29.79,29.79,29.79,235,18115,280,2019-08-07,False,False
AAWW,07-Aug-2019 14:15,29.87,29.87,29.73,29.74,3150,18115,285,2019-08-07,False,False
AAWW,07-Aug-2019 14:20,29.8,29.8,29.72,29.72,1100,18115,290,2019-08-07,False,False
AAWW,07-Aug-2019 14:25,29.63,29.76,29.63,29.72,2450,18115,295,2019-08-07,False,False
AAWW,07-Aug-2019 14:30,29.72,29.72,29.69,29.69,850,18115,300,2019-08-07,False,False
AAWW,07-Aug-2019 14:35,29.65,29.67,29.65,29.65,500,18115,305,2019-08-07,False,False
AAWW,07-Aug-2019 14:40,29.68,29.7,29.66,29.67,2018,18115,310,2019-08-07,False,False
AAWW,07-Aug-2019 14:45,29.66,29.74,29.66,29.74,5200,18115,315,2019-08-07,False,False
AAWW,07-Aug-2019 14:50,29.75,29.84,29.74,29.75,2900,18115,320,2019-08-07,False,False
AAWW,07-Aug-2019 14:55,29.73,29.75,29.73,29.73,1000,18115,325,2019-08-07,False,False
AAWW,07-Aug-2019 15:00,29.74,29.75,29.7,29.72,2700,18115,330,2019-08-07,False,False
AAWW,07-Aug-2019 15:05,29.73,29.74,29.71,29.72,4100,18115,335,2019-08-07,False,False
AAWW,07-Aug-2019 15:10,29.71,29.72,29.65,29.69,4100,18115,340,2019-08-07,False,False
AAWW,07-Aug-2019 15:15,29.7,29.7,29.64,29.7,3055,18115,345,2019-08-07,False,False
AAWW,07-Aug-2019 15:20,29.73,29.76,29.73,29.76,600,18115,350,2019-08-07,False,False
AAWW,07-Aug-2019 15:25,29.77,29.82,29.75,29.8,4200,18115,355,2019-08-07,False,False
AAWW,07-Aug-2019 15:30,29.8,29.83,29.72,29.73,9500,18115,360,2019-08-07,False,False
AAWW,07-Aug-2019 15:35,29.74,29.81,29.71,29.78,12048,18115,365,2019-08-07,False,False
AAWW,07-Aug-2019 15:40,29.79,29.81,29.79,29.79,700,18115,370,2019-08-07,False,False
AAWW,07-Aug-2019 15:45,29.7,29.71,29.47,29.51,13500,18115,375,2019-08-07,False,False
AAWW,07-Aug-2019 15:50,29.48,29.52,29.44,29.5,3800,18115,380,2019-08-07,False,False
AAWW,07-Aug-2019 15:55,29.53,29.64,29.48,29.63,22956,18115,385,2019-08-07,False,False
AAWW,07-Aug-2019 16:00,29.6,29.6,29.6,29.6,39626,18115,390,2019-08-07,False,False
AAWW,08-Aug-2019 09:30,29.57,30.24,29.57,30.24,6213,18116,0,2019-08-08,False,False
AAWW,08-Aug-2019 09:35,30.26,30.26,30.11,30.12,1200,18116,5,2019-08-08,False,False
AAWW,08-Aug-2019 09:40,30.0,30.11,30.0,30.11,800,18116,10,2019-08-08,False,False
AAWW,08-Aug-2019 09:45,30.09,30.09,29.75,29.75,3399,18116,15,2019-08-08,False,False
AAWW,08-Aug-2019 09:50,29.75,29.75,29.69,29.75,931,18116,20,2019-08-08,False,False
AAWW,08-Aug-2019 09:55,29.72,29.76,29.64,29.73,900,18116,25,2019-08-08,False,False
AAWW,08-Aug-2019 10:00,29.7,29.81,29.69,29.8,2789,18116,30,2019-08-08,False,False
AAWW,08-Aug-2019 10:05,29.71,29.71,29.57,29.57,1502,18116,35,2019-08-08,False,False
AAWW,08-Aug-2019 10:10,29.49,29.58,29.46,29.54,2179,18116,40,2019-08-08,False,False
AAWW,08-Aug-2019 10:15,29.56,29.62,29.54,29.54,1300,18116,45,2019-08-08,False,False
AAWW,08-Aug-2019 10:20,29.53,29.54,29.37,29.37,600,18116,50,2019-08-08,False,False
AAWW,08-Aug-2019 10:25,29.46,29.57,29.46,29.57,700,18116,55,2019-08-08,False,False
AAWW,08-Aug-2019 10:30,29.59,29.59,29.56,29.57,700,18116,60,2019-08-08,False,False
AAWW,08-Aug-2019 10:35,29.69,29.73,29.66,29.69,1500,18116,65,2019-08-08,False,False
AAWW,08-Aug-2019 10:40,29.79,29.81,29.79,29.81,520,18116,70,2019-08-08,False,False
AAWW,08-Aug-2019 10:45,29.84,29.92,29.78,29.92,6833,18116,75,2019-08-08,False,False
AAWW,08-Aug-2019 10:50,29.92,29.98,29.92,29.97,1800,18116,80,2019-08-08,False,False
AAWW,08-Aug-2019 10:55,29.97,30.09,29.94,30.07,1700,18116,85,2019-08-08,False,False
AAWW,08-Aug-2019 11:00,30.03,30.11,30.03,30.11,1000,18116,90,2019-08-08,False,False
AAWW,08-Aug-2019 11:05,30.11,30.16,30.03,30.03,1900,18116,95,2019-08-08,False,False
AAWW,08-Aug-2019 11:10,30.1,30.12,30.03,30.04,9199,18116,100,2019-08-08,False,False
AAWW,08-Aug-2019 11:15,30.08,30.08,30.04,30.04,1789,18116,105,2019-08-08,False,False
AAWW,08-Aug-2019 11:20,30.25,30.32,30.19,30.22,7558,18116,110,2019-08-08,False,False
AAWW,08-Aug-2019 11:25,30.24,30.25,30.1,30.14,6511,18116,115,2019-08-08,False,False
AAWW,08-Aug-2019 11:30,30.22,30.27,30.14,30.14,3900,18116,120,2019-08-08,False,False
AAWW,08-Aug-2019 11:35,30.18,30.24,30.17,30.22,2977,18116,125,2019-08-08,False,False
AAWW,08-Aug-2019 11:40,30.24,30.35,30.24,30.33,3185,18116,130,2019-08-08,False,False
AAWW,08-Aug-2019 11:45,30.33,30.36,30.21,30.21,3200,18116,135,2019-08-08,False,False
AAWW,08-Aug-2019 11:50,30.14,30.21,30.13,30.18,4007,18116,140,2019-08-08,False,False
AAWW,08-Aug-2019 11:55,30.18,30.33,30.06,30.3,8291,18116,145,2019-08-08,False,False
AAWW,08-Aug-2019 12:00,30.32,30.32,30.25,30.25,1200,18116,150,2019-08-08,False,False
AAWW,08-Aug-2019 12:05,30.28,30.3,30.26,30.27,2700,18116,155,2019-08-08,False,False
AAWW,08-Aug-2019 12:10,30.3,30.3,30.3,30.3,400,18116,160,2019-08-08,False,False
AAWW,08-Aug-2019 12:15,30.37,30.45,30.37,30.45,3900,18116,165,2019-08-08,False,False
AAWW,08-Aug-2019 12:20,30.45,30.46,30.39,30.41,6950,18116,170,2019-08-08,False,False
AAWW,08-Aug-2019 12:25,30.41,30.41,30.32,30.32,3300,18116,175,2019-08-08,False,False
AAWW,08-Aug-2019 12:30,30.28,30.28,30.26,30.26,400,18116,180,2019-08-08,False,False
AAWW,08-Aug-2019 12:35,30.2,30.26,30.2,30.21,1695,18116,185,2019-08-08,False,False
AAWW,08-Aug-2019 12:40,30.21,30.21,30.03,30.07,1265,18116,190,2019-08-08,False,False
AAWW,08-Aug-2019 12:45,30.07,30.07,29.96,29.96,2359,18116,195,2019-08-08,False,False
AAWW,08-Aug-2019 12:50,30.02,30.07,30.02,30.07,900,18116,200,2019-08-08,False,False
AAWW,08-Aug-2019 12:55,30.04,30.04,30.0,30.0,804,18116,205,2019-08-08,False,False
AAWW,08-Aug-2019 13:00,30.0,30.12,30.0,30.12,2100,18116,210,2019-08-08,False,False
AAWW,08-Aug-2019 13:05,30.12,30.12,30.1,30.1,700,18116,215,2019-08-08,False,False
AAWW,08-Aug-2019 13:10,30.04,30.07,30.04,30.05,1500,18116,220,2019-08-08,False,False
AAWW,08-Aug-2019 13:15,30.08,30.08,30.06,30.06,433,18116,225,2019-08-08,False,False
AAWW,08-Aug-2019 13:20,30.08,30.09,30.03,30.03,1500,18116,230,2019-08-08,False,False
AAWW,08-Aug-2019 13:25,30.02,30.02,29.96,29.96,900,18116,235,2019-08-08,False,False
AAWW,08-Aug-2019 13:30,29.95,30.06,29.95,30.02,2360,18116,240,2019-08-08,False,False
AAWW,08-Aug-2019 13:35,30.04,30.06,29.98,29.99,1261,18116,245,2019-08-08,False,False
AAWW,08-Aug-2019 13:40,30.0,30.0,30.0,30.0,100,18116,250,2019-08-08,False,False
AAWW,08-Aug-2019 13:45,29.97,30.07,29.97,30.07,1694,18116,255,2019-08-08,False,False
AAWW,08-Aug-2019 13:50,30.1,30.12,30.09,30.12,1100,18116,260,2019-08-08,False,False
AAWW,08-Aug-2019 13:55,30.15,30.15,30.09,30.1,700,18116,265,2019-08-08,False,False
AAWW,08-Aug-2019 14:00,30.13,30.13,29.93,29.93,6248,18116,270,2019-08-08,False,False
AAWW,08-Aug-2019 14:05,30.01,30.1,30.01,30.1,732,18116,275,2019-08-08,False,False
AAWW,08-Aug-2019 14:10,30.16,30.16,30.12,30.15,1558,18116,280,2019-08-08,False,False
AAWW,08-Aug-2019 14:15,30.14,30.31,30.12,30.31,2837,18116,285,2019-08-08,False,False
AAWW,08-Aug-2019 14:20,30.33,30.33,30.29,30.29,900,18116,290,2019-08-08,False,False
AAWW,08-Aug-2019 14:25,30.33,30.39,30.33,30.38,1700,18116,295,2019-08-08,False,False
AAWW,08-Aug-2019 14:30,30.38,30.5,30.37,30.41,5000,18116,300,2019-08-08,False,False
AAWW,08-Aug-2019 14:35,30.43,30.46,30.42,30.44,1322,18116,305,2019-08-08,False,False
AAWW,08-Aug-2019 14:40,30.46,30.56,30.43,30.53,2800,18116,310,2019-08-08,False,False
AAWW,08-Aug-2019 14:45,30.53,30.53,30.53,30.53,500,18116,315,2019-08-08,False,False
AAWW,08-Aug-2019 14:50,30.43,30.53,30.43,30.49,4490,18116,320,2019-08-08,False,False
AAWW,08-Aug-2019 14:55,30.52,30.53,30.49,30.51,2500,18116,325,2019-08-08,False,False
AAWW,08-Aug-2019 15:00,30.59,30.62,30.53,30.53,5425,18116,330,2019-08-08,False,False
AAWW,08-Aug-2019 15:05,30.51,30.55,30.51,30.54,1503,18116,335,2019-08-08,False,False
AAWW,08-Aug-2019 15:10,30.54,30.54,30.49,30.52,5002,18116,340,2019-08-08,False,False
AAWW,08-Aug-2019 15:15,30.54,30.59,30.53,30.59,2600,18116,345,2019-08-08,False,False
AAWW,08-Aug-2019 15:20,30.61,30.62,30.59,30.61,5520,18116,350,2019-08-08,False,False
AAWW,08-Aug-2019 15:25,30.61,30.63,30.6,30.6,2607,18116,355,2019-08-08,False,False
AAWW,08-Aug-2019 15:30,30.6,30.67,30.55,30.58,8587,18116,360,2019-08-08,False,False
AAWW,08-Aug-2019 15:35,30.59,30.66,30.57,30.63,10625,18116,365,2019-08-08,False,False
AAWW,08-Aug-2019 15:40,30.64,30.68,30.64,30.68,4300,18116,370,2019-08-08,False,False
AAWW,08-Aug-2019 15:45,30.68,30.87,30.67,30.8,9612,18116,375,2019-08-08,False,False
AAWW,08-Aug-2019 15:50,30.79,30.82,30.77,30.8,6355,18116,380,2019-08-08,False,False
AAWW,08-Aug-2019 15:55,30.79,30.92,30.78,30.92,22705,18116,385,2019-08-08,False,False
AAWW,08-Aug-2019 16:00,30.88,30.88,30.88,30.88,34441,18116,390,2019-08-08,False,False
AAWW,09-Aug-2019 09:30,30.85,30.89,30.62,30.85,4172,18117,0,2019-08-09,False,True
AAWW,09-Aug-2019 09:35,30.62,30.62,30.1,30.12,2230,18117,5,2019-08-09,False,True
AAWW,09-Aug-2019 09:40,30.24,30.24,30.24,30.24,100,18117,10,2019-08-09,False,True
AAWW,09-Aug-2019 09:45,30.24,30.3,30.11,30.3,600,18117,15,2019-08-09,False,True
AAWW,09-Aug-2019 09:55,30.31,30.31,30.11,30.13,1500,18117,25,2019-08-09,False,True
AAWW,09-Aug-2019 10:00,30.2,30.23,30.2,30.23,400,18117,30,2019-08-09,False,True
AAWW,09-Aug-2019 10:05,30.21,30.21,30.1,30.1,1374,18117,35,2019-08-09,False,True
AAWW,09-Aug-2019 10:10,30.16,30.21,30.16,30.21,700,18117,40,2019-08-09,False,True
AAWW,09-Aug-2019 10:15,30.27,30.27,30.24,30.24,700,18117,45,2019-08-09,False,True
AAWW,09-Aug-2019 10:20,30.2,30.2,30.2,30.2,100,18117,50,2019-08-09,False,True
AAWW,09-Aug-2019 10:25,30.0,30.05,29.95,30.01,1879,18117,55,2019-08-09,False,True
AAWW,09-Aug-2019 10:30,29.96,29.96,29.96,29.96,100,18117,60,2019-08-09,False,True
AAWW,09-Aug-2019 10:35,29.9,29.9,29.88,29.89,500,18117,65,2019-08-09,False,True
AAWW,09-Aug-2019 10:45,29.8,29.8,29.8,29.8,100,18117,75,2019-08-09,False,True
AAWW,09-Aug-2019 10:50,29.79,29.93,29.78,29.93,2071,18117,80,2019-08-09,False,True
AAWW,09-Aug-2019 10:55,29.84,29.87,29.7,29.7,2800,18117,85,2019-08-09,False,True
AAWW,09-Aug-2019 11:00,29.68,29.74,29.64,29.74,1850,18117,90,2019-08-09,False,True
AAWW,09-Aug-2019 11:05,29.69,29.7,29.67,29.67,500,18117,95,2019-08-09,False,True
AAWW,09-Aug-2019 11:10,29.72,29.8,29.72,29.8,1100,18117,100,2019-08-09,False,True
AAWW,09-Aug-2019 11:15,29.92,29.92,29.83,29.83,400,18117,105,2019-08-09,False,True
AAWW,09-Aug-2019 11:20,29.82,29.9,29.8,29.82,2727,18117,110,2019-08-09,False,True
AAWW,09-Aug-2019 11:25,29.77,29.77,29.7,29.75,1800,18117,115,2019-08-09,False,True
AAWW,09-Aug-2019 11:30,29.72,29.78,29.72,29.76,600,18117,120,2019-08-09,False,True
AAWW,09-Aug-2019 11:35,29.78,29.78,29.77,29.77,400,18117,125,2019-08-09,False,True
AAWW,09-Aug-2019 11:40,29.71,29.75,29.71,29.73,1485,18117,130,2019-08-09,False,True
AAWW,09-Aug-2019 11:45,29.77,29.77,29.73,29.77,373,18117,135,2019-08-09,False,True
AAWW,09-Aug-2019 11:50,29.74,29.74,29.74,29.74,100,18117,140,2019-08-09,False,True
AAWW,09-Aug-2019 11:55,29.74,29.75,29.74,29.75,856,18117,145,2019-08-09,False,True
AAWW,09-Aug-2019 12:00,29.79,29.83,29.79,29.82,1100,18117,150,2019-08-09,False,True
AAWW,09-Aug-2019 12:05,29.81,29.82,29.78,29.8,1415,18117,155,2019-08-09,False,True
AAWW,09-Aug-2019 12:10,29.83,29.83,29.78,29.78,200,18117,160,2019-08-09,False,True
AAWW,09-Aug-2019 12:15,29.73,29.73,29.7,29.7,1569,18117,165,2019-08-09,False,True
AAWW,09-Aug-2019 12:20,29.7,29.73,29.69,29.71,1100,18117,170,2019-08-09,False,True
AAWW,09-Aug-2019 12:25,29.7,29.7,29.61,29.61,2722,18117,175,2019-08-09,False,True
AAWW,09-Aug-2019 12:30,29.61,29.61,29.52,29.52,1317,18117,180,2019-08-09,False,True
AAWW,09-Aug-2019 12:35,29.51,29.51,29.28,29.31,20003,18117,185,2019-08-09,False,True
AAWW,09-Aug-2019 12:40,29.35,29.37,29.35,29.36,800,18117,190,2019-08-09,False,True
AAWW,09-Aug-2019 12:45,29.36,29.36,29.27,29.32,1345,18117,195,2019-08-09,False,True
AAWW,09-Aug-2019 12:50,29.34,29.52,29.34,29.52,1800,18117,200,2019-08-09,False,True
AAWW,09-Aug-2019 12:55,29.49,29.49,29.49,29.49,200,18117,205,2019-08-09,False,True
AAWW,09-Aug-2019 13:00,29.35,29.4,29.35,29.38,400,18117,210,2019-08-09,False,True
AAWW,09-Aug-2019 13:05,29.28,29.28,29.28,29.28,100,18117,215,2019-08-09,False,True
AAWW,09-Aug-2019 13:10,29.31,29.37,29.29,29.37,1163,18117,220,2019-08-09,False,True
AAWW,09-Aug-2019 13:15,29.39,29.39,29.39,29.39,100,18117,225,2019-08-09,False,True
AAWW,09-Aug-2019 13:20,29.39,29.41,29.38,29.39,500,18117,230,2019-08-09,False,True
AAWW,09-Aug-2019 13:30,29.41,29.42,29.23,29.25,5629,18117,240,2019-08-09,False,True
AAWW,09-Aug-2019 13:35,29.2,29.24,29.2,29.2,450,18117,245,2019-08-09,False,True
AAWW,09-Aug-2019 13:40,29.2,29.2,29.2,29.2,100,18117,250,2019-08-09,False,True
AAWW,09-Aug-2019 13:45,29.25,29.28,29.2,29.2,1299,18117,255,2019-08-09,False,True
AAWW,09-Aug-2019 13:50,29.18,29.2,29.16,29.16,2816,18117,260,2019-08-09,False,True
AAWW,09-Aug-2019 13:55,29.22,29.22,29.12,29.17,2023,18117,265,2019-08-09,False,True
AAWW,09-Aug-2019 14:00,29.19,29.19,29.19,29.19,100,18117,270,2019-08-09,False,True
AAWW,09-Aug-2019 14:05,29.16,29.19,29.1,29.1,900,18117,275,2019-08-09,False,True
AAWW,09-Aug-2019 14:10,29.11,29.11,29.05,29.08,2059,18117,280,2019-08-09,False,True
AAWW,09-Aug-2019 14:15,29.06,29.07,29.0,29.01,2854,18117,285,2019-08-09,False,True
AAWW,09-Aug-2019 14:20,29.02,29.08,29.01,29.08,1450,18117,290,2019-08-09,False,True
AAWW,09-Aug-2019 14:25,29.08,29.08,29.01,29.01,700,18117,295,2019-08-09,False,True
AAWW,09-Aug-2019 14:30,29.01,29.06,29.01,29.05,7656,18117,300,2019-08-09,False,True
AAWW,09-Aug-2019 14:35,29.03,29.09,29.03,29.09,4500,18117,305,2019-08-09,False,True
AAWW,09-Aug-2019 14:40,29.11,29.18,29.11,29.18,700,18117,310,2019-08-09,False,True
AAWW,09-Aug-2019 14:45,29.2,29.2,29.2,29.2,100,18117,315,2019-08-09,False,True
AAWW,09-Aug-2019 14:50,29.17,29.17,29.12,29.12,800,18117,320,2019-08-09,False,True
AAWW,09-Aug-2019 14:55,29.18,29.18,29.18,29.18,100,18117,325,2019-08-09,False,True
AAWW,09-Aug-2019 15:00,29.2,29.2,29.14,29.14,768,18117,330,2019-08-09,False,True
AAWW,09-Aug-2019 15:05,29.22,29.23,29.22,29.22,1281,18117,335,2019-08-09,False,True
AAWW,09-Aug-2019 15:10,29.22,29.22,29.13,29.14,1404,18117,340,2019-08-09,False,True
AAWW,09-Aug-2019 15:15,29.13,29.13,29.07,29.12,3000,18117,345,2019-08-09,False,True
AAWW,09-Aug-2019 15:20,29.13,29.22,29.12,29.2,1795,18117,350,2019-08-09,False,True
AAWW,09-Aug-2019 15:25,29.23,29.28,29.23,29.25,1807,18117,355,2019-08-09,False,True
AAWW,09-Aug-2019 15:30,29.25,29.25,29.24,29.24,200,18117,360,2019-08-09,False,True
AAWW,09-Aug-2019 15:35,29.29,29.31,29.24,29.25,4515,18117,365,2019-08-09,False,True
AAWW,09-Aug-2019 15:40,29.25,29.25,29.25,29.25,850,18117,370,2019-08-09,False,True
AAWW,09-Aug-2019 15:45,29.19,29.22,29.15,29.17,5837,18117,375,2019-08-09,False,True
AAWW,09-Aug-2019 15:50,29.15,29.16,29.1,29.12,5196,18117,380,2019-08-09,False,True
AAWW,09-Aug-2019 15:55,29.09,29.13,29.05,29.05,15061,18117,385,2019-08-09,False,True
AAWW,09-Aug-2019 16:00,29.08,29.08,29.08,29.08,35779,18117,390,2019-08-09,False,True
AAWW,12-Aug-2019 09:30,28.97,29.0,28.47,28.61,8738,18120,0,2019-08-12,True,False
AAWW,12-Aug-2019 09:35,28.54,28.55,28.37,28.55,10085,18120,5,2019-08-12,True,False
AAWW,12-Aug-2019 09:40,28.54,28.92,28.54,28.92,1000,18120,10,2019-08-12,True,False
AAWW,12-Aug-2019 09:45,28.67,28.69,28.27,28.33,3700,18120,15,2019-08-12,True,False
AAWW,12-Aug-2019 09:50,28.25,28.37,28.23,28.33,3011,18120,20,2019-08-12,True,False
AAWW,12-Aug-2019 09:55,28.33,28.44,28.27,28.29,4729,18120,25,2019-08-12,True,False
AAWW,12-Aug-2019 10:00,28.37,28.38,28.31,28.38,831,18120,30,2019-08-12,True,False
AAWW,12-Aug-2019 10:05,28.39,28.39,28.31,28.31,900,18120,35,2019-08-12,True,False
AAWW,12-Aug-2019 10:10,28.34,28.34,28.2,28.29,2690,18120,40,2019-08-12,True,False
AAWW,12-Aug-2019 10:15,28.37,28.47,28.25,28.39,17600,18120,45,2019-08-12,True,False
AAWW,12-Aug-2019 10:20,28.41,28.45,28.3,28.3,15404,18120,50,2019-08-12,True,False
AAWW,12-Aug-2019 10:25,28.34,28.38,28.31,28.34,2558,18120,55,2019-08-12,True,False
AAWW,12-Aug-2019 10:30,28.36,28.45,28.36,28.4,2363,18120,60,2019-08-12,True,False
AAWW,12-Aug-2019 10:35,28.34,28.36,28.14,28.19,9926,18120,65,2019-08-12,True,False
AAWW,12-Aug-2019 10:40,28.14,28.14,28.03,28.06,3493,18120,70,2019-08-12,True,False
AAWW,12-Aug-2019 10:45,28.1,28.21,28.1,28.21,843,18120,75,2019-08-12,True,False
AAWW,12-Aug-2019 10:50,28.25,28.29,28.24,28.28,1035,18120,80,2019-08-12,True,False
AAWW,12-Aug-2019 10:55,28.33,28.33,28.31,28.31,200,18120,85,2019-08-12,True,False
AAWW,12-Aug-2019 11:00,28.27,28.27,28.23,28.23,1200,18120,90,2019-08-12,True,False
AAWW,12-Aug-2019 11:05,28.23,28.25,28.19,28.19,2700,18120,95,2019-08-12,True,False
AAWW,12-Aug-2019 11:10,28.19,28.19,28.08,28.08,6870,18120,100,2019-08-12,True,False
AAWW,12-Aug-2019 11:15,28.05,28.15,28.05,28.14,1848,18120,105,2019-08-12,True,False
AAWW,12-Aug-2019 11:20,28.19,28.25,28.19,28.25,700,18120,110,2019-08-12,True,False
AAWW,12-Aug-2019 11:25,28.25,28.25,28.23,28.23,670,18120,115,2019-08-12,True,False
AAWW,12-Aug-2019 11:30,28.18,28.22,28.14,28.18,1835,18120,120,2019-08-12,True,False
AAWW,12-Aug-2019 11:35,28.09,28.09,28.05,28.06,400,18120,125,2019-08-12,True,False
AAWW,12-Aug-2019 11:40,28.03,28.07,28.03,28.07,1270,18120,130,2019-08-12,True,False
AAWW,12-Aug-2019 11:45,28.15,28.15,28.15,28.15,200,18120,135,2019-08-12,True,False
AAWW,12-Aug-2019 11:50,28.14,28.2,28.13,28.2,2200,18120,140,2019-08-12,True,False
AAWW,12-Aug-2019 11:55,28.15,28.15,28.1,28.15,1571,18120,145,2019-08-12,True,False
AAWW,12-Aug-2019 12:00,28.29,28.35,28.16,28.24,7750,18120,150,2019-08-12,True,False
AAWW,12-Aug-2019 12:05,28.16,28.2,28.1,28.1,4400,18120,155,2019-08-12,True,False
AAWW,12-Aug-2019 12:10,28.14,28.14,28.1,28.1,1500,18120,160,2019-08-12,True,False
AAWW,12-Aug-2019 12:15,28.09,28.09,28.09,28.09,100,18120,165,2019-08-12,True,False
AAWW,12-Aug-2019 12:20,28.15,28.2,28.13,28.13,564,18120,170,2019-08-12,True,False
AAWW,12-Aug-2019 12:25,28.13,28.18,28.13,28.18,769,18120,175,2019-08-12,True,False
AAWW,12-Aug-2019 12:30,28.17,28.17,28.16,28.17,600,18120,180,2019-08-12,True,False
AAWW,12-Aug-2019 12:35,28.15,28.16,28.15,28.16,910,18120,185,2019-08-12,True,False
AAWW,12-Aug-2019 12:40,28.13,28.13,28.09,28.09,300,18120,190,2019-08-12,True,False
AAWW,12-Aug-2019 12:45,28.05,28.08,28.05,28.05,650,18120,195,2019-08-12,True,False
AAWW,12-Aug-2019 12:50,28.1,28.1,28.1,28.1,619,18120,200,2019-08-12,True,False
AAWW,12-Aug-2019 12:55,28.11,28.18,28.11,28.18,1205,18120,205,2019-08-12,True,False
AAWW,12-Aug-2019 13:00,28.12,28.12,28.12,28.12,100,18120,210,2019-08-12,True,False
AAWW,12-Aug-2019 13:05,28.1,28.1,28.1,28.1,200,18120,215,2019-08-12,True,False
AAWW,12-Aug-2019 13:10,28.11,28.11,28.11,28.11,373,18120,220,2019-08-12,True,False
AAWW,12-Aug-2019 13:15,28.13,28.19,28.09,28.09,651,18120,225,2019-08-12,True,False
AAWW,12-Aug-2019 13:20,28.12,28.12,28.08,28.08,1200,18120,230,2019-08-12,True,False
AAWW,12-Aug-2019 13:25,28.09,28.13,28.09,28.13,2160,18120,235,2019-08-12,True,False
AAWW,12-Aug-2019 13:30,28.13,28.16,28.13,28.16,856,18120,240,2019-08-12,True,False
AAWW,12-Aug-2019 13:35,28.14,28.16,28.14,28.16,300,18120,245,2019-08-12,True,False
AAWW,12-Aug-2019 13:40,28.13,28.16,28.09,28.1,2500,18120,250,2019-08-12,True,False
AAWW,12-Aug-2019 13:45,28.07,28.15,28.07,28.15,2200,18120,255,2019-08-12,True,False
AAWW,12-Aug-2019 13:50,28.17,28.17,28.14,28.17,1265,18120,260,2019-08-12,True,False
AAWW,12-Aug-2019 13:55,28.18,28.19,28.12,28.13,971,18120,265,2019-08-12,True,False
AAWW,12-Aug-2019 14:00,28.12,28.2,28.12,28.2,1900,18120,270,2019-08-12,True,False
AAWW,12-Aug-2019 14:05,28.22,28.22,28.22,28.22,100,18120,275,2019-08-12,True,False
AAWW,12-Aug-2019 14:10,28.25,28.26,28.24,28.25,1123,18120,280,2019-08-12,True,False
AAWW,12-Aug-2019 14:15,28.29,28.29,28.29,28.29,328,18120,285,2019-08-12,True,False
AAWW,12-Aug-2019 14:20,28.27,28.27,28.24,28.24,967,18120,290,2019-08-12,True,False
AAWW,12-Aug-2019 14:25,28.25,28.25,28.2,28.22,1005,18120,295,2019-08-12,True,False
AAWW,12-Aug-2019 14:30,28.2,28.2,28.2,28.2,200,18120,300,2019-08-12,True,False
AAWW,12-Aug-2019 14:35,28.19,28.22,28.18,28.19,1200,18120,305,2019-08-12,True,False
AAWW,12-Aug-2019 14:40,28.17,28.19,28.14,28.14,2700,18120,310,2019-08-12,True,False
AAWW,12-Aug-2019 14:45,28.11,28.16,28.11,28.15,2000,18120,315,2019-08-12,True,False
AAWW,12-Aug-2019 14:50,28.15,28.2,28.14,28.15,1999,18120,320,2019-08-12,True,False
AAWW,12-Aug-2019 14:55,28.16,28.16,28.13,28.13,600,18120,325,2019-08-12,True,False
AAWW,12-Aug-2019 15:00,28.04,28.1,28.03,28.03,1700,18120,330,2019-08-12,True,False
AAWW,12-Aug-2019 15:05,28.03,28.05,28.03,28.05,300,18120,335,2019-08-12,True,False
AAWW,12-Aug-2019 15:10,28.05,28.07,28.05,28.07,555,18120,340,2019-08-12,True,False
AAWW,12-Aug-2019 15:15,28.06,28.06,28.04,28.04,800,18120,345,2019-08-12,True,False
AAWW,12-Aug-2019 15:20,28.04,28.04,28.0,28.0,1044,18120,350,2019-08-12,True,False
AAWW,12-Aug-2019 15:25,27.99,28.03,27.98,27.99,1500,18120,355,2019-08-12,True,False
AAWW,12-Aug-2019 15:30,28.02,28.02,28.0,28.01,700,18120,360,2019-08-12,True,False
AAWW,12-Aug-2019 15:35,28.02,28.03,28.0,28.0,5309,18120,365,2019-08-12,True,False
AAWW,12-Aug-2019 15:40,28.0,28.05,28.0,28.04,3100,18120,370,2019-08-12,True,False
AAWW,12-Aug-2019 15:45,28.01,28.02,28.0,28.01,6182,18120,375,2019-08-12,True,False
AAWW,12-Aug-2019 15:50,28.02,28.03,28.01,28.02,1400,18120,380,2019-08-12,True,False
AAWW,12-Aug-2019 15:55,28.12,28.13,28.0,28.07,15878,18120,385,2019-08-12,True,False
AAWW,12-Aug-2019 16:00,28.0,28.0,28.0,28.0,25875,18120,390,2019-08-12,True,False
AAWW,13-Aug-2019 09:30,27.63,28.0,27.38,27.63,6231,18121,0,2019-08-13,False,False
AAWW,13-Aug-2019 09:35,27.79,28.0,27.61,27.81,1400,18121,5,2019-08-13,False,False
AAWW,13-Aug-2019 09:40,27.98,28.25,27.98,28.25,5302,18121,10,2019-08-13,False,False
AAWW,13-Aug-2019 09:45,28.24,28.65,28.24,28.65,1750,18121,15,2019-08-13,False,False
AAWW,13-Aug-2019 10:05,28.67,28.67,28.67,28.67,100,18121,35,2019-08-13,False,False
AAWW,13-Aug-2019 10:10,28.67,28.75,28.6,28.68,2389,18121,40,2019-08-13,False,False
AAWW,13-Aug-2019 10:15,28.71,29.02,28.71,29.02,3757,18121,45,2019-08-13,False,False
AAWW,13-Aug-2019 10:20,29.06,29.19,29.0,29.19,2650,18121,50,2019-08-13,False,False
AAWW,13-Aug-2019 10:25,29.22,29.35,29.05,29.3,6941,18121,55,2019-08-13,False,False
AAWW,13-Aug-2019 10:30,29.3,29.4,29.2,29.21,5710,18121,60,2019-08-13,False,False
AAWW,13-Aug-2019 10:35,29.24,29.39,29.23,29.29,2100,18121,65,2019-08-13,False,False
AAWW,13-Aug-2019 10:40,29.35,29.41,29.27,29.32,3082,18121,70,2019-08-13,False,False
AAWW,13-Aug-2019 10:45,29.32,29.4,29.31,29.37,4550,18121,75,2019-08-13,False,False
AAWW,13-Aug-2019 10:50,29.39,29.63,29.38,29.63,2900,18121,80,2019-08-13,False,False
AAWW,13-Aug-2019 10:55,29.59,29.59,29.48,29.48,1900,18121,85,2019-08-13,False,False
AAWW,13-Aug-2019 11:00,29.48,29.5,29.45,29.45,700,18121,90,2019-08-13,False,False
AAWW,13-Aug-2019 11:05,29.44,29.48,29.4,29.46,2600,18121,95,2019-08-13,False,False
AAWW,13-Aug-2019 11:10,29.48,29.57,29.48,29.57,2200,18121,100,2019-08-13,False,False
AAWW,13-Aug-2019 11:15,29.58,29.58,29.37,29.37,1800,18121,105,2019-08-13,False,False
AAWW,13-Aug-2019 11:20,29.3,29.4,29.23,29.32,5048,18121,110,2019-08-13,False,False
AAWW,13-Aug-2019 11:25,29.32,29.38,29.28,29.38,1100,18121,115,2019-08-13,False,False
AAWW,13-Aug-2019 11:30,29.38,29.39,29.24,29.26,2300,18121,120,2019-08-13,False,False
AAWW,13-Aug-2019 11:35,29.3,29.35,29.3,29.32,1100,18121,125,2019-08-13,False,False
AAWW,13-Aug-2019 11:40,29.34,29.35,29.3,29.34,3350,18121,130,2019-08-13,False,False
AAWW,13-Aug-2019 11:45,29.33,29.33,29.28,29.28,927,18121,135,2019-08-13,False,False
AAWW,13-Aug-2019 11:50,29.29,29.29,29.24,29.24,600,18121,140,2019-08-13,False,False
AAWW,13-Aug-2019 11:55,29.26,29.26,29.14,29.14,1200,18121,145,2019-08-13,False,False
AAWW,13-Aug-2019 12:00,29.2,29.21,29.18,29.2,3603,18121,150,2019-08-13,False,False
AAWW,13-Aug-2019 12:05,29.21,29.32,29.19,29.32,2942,18121,155,2019-08-13,False,False
AAWW,13-Aug-2019 12:10,29.32,29.37,29.31,29.37,2866,18121,160,2019-08-13,False,False
AAWW,13-Aug-2019 12:15,29.4,29.4,29.37,29.39,1300,18121,165,2019-08-13,False,False
AAWW,13-Aug-2019 12:20,29.37,29.39,29.35,29.38,700,18121,170,2019-08-13,False,False
AAWW,13-Aug-2019 12:25,29.38,29.38,29.35,29.37,1853,18121,175,2019-08-13,False,False
AAWW,13-Aug-2019 12:30,29.35,29.35,29.35,29.35,900,18121,180,2019-08-13,False,False
AAWW,13-Aug-2019 12:35,29.37,29.37,29.23,29.23,1440,18121,185,2019-08-13,False,False
AAWW,13-Aug-2019 12:40,29.3,29.3,29.3,29.3,100,18121,190,2019-08-13,False,False
AAWW,13-Aug-2019 12:45,29.29,29.3,29.24,29.24,5700,18121,195,2019-08-13,False,False
AAWW,13-Aug-2019 12:50,29.2,29.21,29.2,29.2,500,18121,200,2019-08-13,False,False
AAWW,13-Aug-2019 12:55,29.14,29.14,29.06,29.13,800,18121,205,2019-08-13,False,False
AAWW,13-Aug-2019 13:00,29.1,29.12,29.08,29.12,800,18121,210,2019-08-13,False,False
AAWW,13-Aug-2019 13:05,29.11,29.14,29.09,29.11,900,18121,215,2019-08-13,False,False
AAWW,13-Aug-2019 13:10,29.12,29.12,29.04,29.04,1454,18121,220,2019-08-13,False,False
AAWW,13-Aug-2019 13:15,29.02,29.03,28.88,28.91,4089,18121,225,2019-08-13,False,False
AAWW,13-Aug-2019 13:20,28.9,28.91,28.88,28.91,600,18121,230,2019-08-13,False,False
AAWW,13-Aug-2019 13:25,28.94,28.94,28.94,28.94,100,18121,235,2019-08-13,False,False
AAWW,13-Aug-2019 13:30,28.91,28.92,28.88,28.92,1200,18121,240,2019-08-13,False,False
AAWW,13-Aug-2019 13:35,28.94,28.95,28.92,28.95,600,18121,245,2019-08-13,False,False
AAWW,13-Aug-2019 13:40,29.03,29.03,28.96,28.99,1800,18121,250,2019-08-13,False,False
AAWW,13-Aug-2019 13:45,28.99,29.04,28.99,29.0,1543,18121,255,2019-08-13,False,False
AAWW,13-Aug-2019 13:50,28.99,29.0,28.1,28.95,800,18121,260,2019-08-13,False,False
AAWW,13-Aug-2019 13:55,28.9,28.9,28.88,28.9,300,18121,265,2019-08-13,False,False
AAWW,13-Aug-2019 14:00,28.79,28.79,28.68,28.68,1300,18121,270,2019-08-13,False,False
AAWW,13-Aug-2019 14:05,28.66,28.74,28.66,28.74,2600,18121,275,2019-08-13,False,False
AAWW,13-Aug-2019 14:10,28.75,28.77,28.74,28.77,2251,18121,280,2019-08-13,False,False
AAWW,13-Aug-2019 14:15,28.79,28.82,28.77,28.82,1871,18121,285,2019-08-13,False,False
AAWW,13-Aug-2019 14:20,28.82,28.84,28.82,28.84,401,18121,290,2019-08-13,False,False
AAWW,13-Aug-2019 14:25,28.79,28.82,28.77,28.77,3850,18121,295,2019-08-13,False,False
AAWW,13-Aug-2019 14:30,28.76,28.76,28.76,28.76,100,18121,300,2019-08-13,False,False
AAWW,13-Aug-2019 14:35,28.82,28.87,28.79,28.87,1650,18121,305,2019-08-13,False,False
AAWW,13-Aug-2019 14:40,28.85,28.87,28.84,28.87,800,18121,310,2019-08-13,False,False
AAWW,13-Aug-2019 14:45,28.87,28.94,28.84,28.94,1200,18121,315,2019-08-13,False,False
AAWW,13-Aug-2019 14:50,28.92,28.95,28.9,28.94,2777,18121,320,2019-08-13,False,False
AAWW,13-Aug-2019 14:55,28.88,28.92,28.86,28.86,1925,18121,325,2019-08-13,False,False
AAWW,13-Aug-2019 15:00,28.84,28.84,28.71,28.74,1869,18121,330,2019-08-13,False,False
AAWW,13-Aug-2019 15:05,28.75,28.75,28.69,28.69,400,18121,335,2019-08-13,False,False
AAWW,13-Aug-2019 15:10,28.67,28.67,28.65,28.65,800,18121,340,2019-08-13,False,False
AAWW,13-Aug-2019 15:15,28.62,28.62,28.53,28.57,1600,18121,345,2019-08-13,False,False
AAWW,13-Aug-2019 15:20,28.56,28.56,28.55,28.56,700,18121,350,2019-08-13,False,False
AAWW,13-Aug-2019 15:25,28.57,28.58,28.57,28.57,600,18121,355,2019-08-13,False,False
AAWW,13-Aug-2019 15:30,28.59,28.61,28.57,28.57,4176,18121,360,2019-08-13,False,False
AAWW,13-Aug-2019 15:35,28.59,28.61,28.59,28.61,1100,18121,365,2019-08-13,False,False
AAWW,13-Aug-2019 15:40,28.67,28.67,28.59,28.6,2600,18121,370,2019-08-13,False,False
AAWW,13-Aug-2019 15:45,28.59,28.61,28.56,28.56,4100,18121,375,2019-08-13,False,False
AAWW,13-Aug-2019 15:50,28.5,28.56,28.47,28.56,11089,18121,380,2019-08-13,False,False
AAWW,13-Aug-2019 15:55,28.58,28.58,28.4,28.45,18592,18121,385,2019-08-13,False,False
AAWW,13-Aug-2019 16:00,28.45,28.45,28.45,28.45,20959,18121,390,2019-08-13,False,False
AAWW,14-Aug-2019 09:30,27.62,27.62,27.26,27.27,3437,18122,0,2019-08-14,False,False
AAWW,14-Aug-2019 09:35,27.58,27.6,27.03,27.22,4827,18122,5,2019-08-14,False,False
AAWW,14-Aug-2019 09:40,27.31,27.79,27.27,27.67,3895,18122,10,2019-08-14,False,False
AAWW,14-Aug-2019 09:45,27.75,27.79,27.64,27.64,4212,18122,15,2019-08-14,False,False
AAWW,14-Aug-2019 09:50,27.63,27.63,27.54,27.54,2444,18122,20,2019-08-14,False,False
AAWW,14-Aug-2019 09:55,27.64,27.86,27.59,27.77,2708,18122,25,2019-08-14,False,False
AAWW,14-Aug-2019 10:00,27.71,27.72,27.4,27.4,2000,18122,30,2019-08-14,False,False
AAWW,14-Aug-2019 10:05,27.38,27.44,27.38,27.44,2650,18122,35,2019-08-14,False,False
AAWW,14-Aug-2019 10:10,27.37,27.5,27.37,27.47,7463,18122,40,2019-08-14,False,False
AAWW,14-Aug-2019 10:15,27.42,27.43,27.2,27.34,4117,18122,45,2019-08-14,False,False
AAWW,14-Aug-2019 10:20,27.26,27.3,27.26,27.3,2366,18122,50,2019-08-14,False,False
AAWW,14-Aug-2019 10:25,27.28,27.48,27.28,27.4,7446,18122,55,2019-08-14,False,False
AAWW,14-Aug-2019 10:30,27.4,27.4,27.1,27.18,2600,18122,60,2019-08-14,False,False
AAWW,14-Aug-2019 10:35,27.21,27.21,27.07,27.13,4109,18122,65,2019-08-14,False,False
AAWW,14-Aug-2019 10:40,27.05,27.1,27.04,27.1,1150,18122,70,2019-08-14,False,False
AAWW,14-Aug-2019 10:45,27.12,27.12,26.84,26.84,4438,18122,75,2019-08-14,False,False
AAWW,14-Aug-2019 10:50,26.84,26.84,26.75,26.75,2522,18122,80,2019-08-14,False,False
AAWW,14-Aug-2019 10:55,26.81,26.85,26.74,26.85,3310,18122,85,2019-08-14,False,False
AAWW,14-Aug-2019 11:00,26.78,26.82,26.7,26.8,4538,18122,90,2019-08-14,False,False
AAWW,14-Aug-2019 11:05,26.72,26.73,26.7,26.7,700,18122,95,2019-08-14,False,False
AAWW,14-Aug-2019 11:10,26.71,26.71,26.54,26.69,5435,18122,100,2019-08-14,False,False
AAWW,14-Aug-2019 11:15,26.7,26.78,26.67,26.67,1310,18122,105,2019-08-14,False,False
AAWW,14-Aug-2019 11:20,26.71,26.75,26.7,26.75,1000,18122,110,2019-08-14,False,False
AAWW,14-Aug-2019 11:25,26.75,26.86,26.72,26.8,1486,18122,115,2019-08-14,False,False
AAWW,14-Aug-2019 11:30,26.77,26.81,26.71,26.81,1850,18122,120,2019-08-14,False,False
AAWW,14-Aug-2019 11:35,26.84,26.84,26.7,26.75,800,18122,125,2019-08-14,False,False
AAWW,14-Aug-2019 11:40,26.72,26.73,26.67,26.73,3000,18122,130,2019-08-14,False,False
AAWW,14-Aug-2019 11:45,26.71,26.72,26.62,26.65,2200,18122,135,2019-08-14,False,False
AAWW,14-Aug-2019 11:50,26.66,26.66,26.65,26.65,400,18122,140,2019-08-14,False,False
AAWW,14-Aug-2019 11:55,26.64,26.65,26.46,26.58,5812,18122,145,2019-08-14,False,False
AAWW,14-Aug-2019 12:00,26.53,26.54,26.45,26.47,1200,18122,150,2019-08-14,False,False
AAWW,14-Aug-2019 12:05,26.43,26.43,26.37,26.42,2000,18122,155,2019-08-14,False,False
AAWW,14-Aug-2019 12:10,26.42,26.44,26.36,26.44,1700,18122,160,2019-08-14,False,False
AAWW,14-Aug-2019 12:15,26.43,26.5,26.43,26.5,600,18122,165,2019-08-14,False,False
AAWW,14-Aug-2019 12:20,26.5,26.5,26.41,26.41,1300,18122,170,2019-08-14,False,False
AAWW,14-Aug-2019 12:25,26.39,26.39,26.28,26.38,987,18122,175,2019-08-14,False,False
AAWW,14-Aug-2019 12:30,26.4,26.51,26.39,26.51,1795,18122,180,2019-08-14,False,False
AAWW,14-Aug-2019 12:35,26.47,26.47,26.43,26.43,700,18122,185,2019-08-14,False,False
AAWW,14-Aug-2019 12:40,26.41,26.42,26.38,26.42,1675,18122,190,2019-08-14,False,False
AAWW,14-Aug-2019 12:45,26.38,26.38,26.32,26.35,5796,18122,195,2019-08-14,False,False
AAWW,14-Aug-2019 12:50,26.34,26.34,26.29,26.3,825,18122,200,2019-08-14,False,False
AAWW,14-Aug-2019 12:55,26.3,26.3,26.25,26.3,2264,18122,205,2019-08-14,False,False
AAWW,14-Aug-2019 13:00,26.28,26.38,26.27,26.35,2800,18122,210,2019-08-14,False,False
AAWW,14-Aug-2019 13:05,26.34,26.36,26.3,26.35,2795,18122,215,2019-08-14,False,False
AAWW,14-Aug-2019 13:10,26.34,26.35,26.3,26.35,1200,18122,220,2019-08-14,False,False
AAWW,14-Aug-2019 13:15,26.33,26.33,26.29,26.29,2575,18122,225,2019-08-14,False,False
AAWW,14-Aug-2019 13:20,26.28,26.35,26.28,26.35,1683,18122,230,2019-08-14,False,False
AAWW,14-Aug-2019 13:25,26.36,26.46,26.36,26.37,4048,18122,235,2019-08-14,False,False
AAWW,14-Aug-2019 13:30,26.36,26.36,26.33,26.36,2598,18122,240,2019-08-14,False,False
AAWW,14-Aug-2019 13:35,26.36,26.46,26.36,26.41,21550,18122,245,2019-08-14,False,False
AAWW,14-Aug-2019 13:40,26.37,26.37,26.37,26.37,100,18122,250,2019-08-14,False,False
AAWW,14-Aug-2019 13:45,26.39,26.39,26.28,26.28,3670,18122,255,2019-08-14,False,False
AAWW,14-Aug-2019 13:50,26.29,26.34,26.25,26.34,3095,18122,260,2019-08-14,False,False
AAWW,14-Aug-2019 13:55,26.26,26.27,26.23,26.23,812,18122,265,2019-08-14,False,False
AAWW,14-Aug-2019 14:00,26.26,26.27,26.15,26.2,4706,18122,270,2019-08-14,False,False
AAWW,14-Aug-2019 14:05,26.2,26.2,26.16,26.17,1100,18122,275,2019-08-14,False,False
AAWW,14-Aug-2019 14:10,26.17,26.22,26.15,26.15,3345,18122,280,2019-08-14,False,False
AAWW,14-Aug-2019 14:15,26.15,26.25,26.15,26.16,5490,18122,285,2019-08-14,False,False
AAWW,14-Aug-2019 14:20,26.19,26.19,26.12,26.17,1300,18122,290,2019-08-14,False,False
AAWW,14-Aug-2019 14:25,26.16,26.2,26.16,26.19,2750,18122,295,2019-08-14,False,False
AAWW,14-Aug-2019 14:30,26.2,26.2,26.15,26.17,711,18122,300,2019-08-14,False,False
AAWW,14-Aug-2019 14:35,26.18,26.2,26.17,26.2,2850,18122,305,2019-08-14,False,False
AAWW,14-Aug-2019 14:40,26.2,26.36,26.2,26.36,3500,18122,310,2019-08-14,False,False
AAWW,14-Aug-2019 14:45,26.53,26.72,26.51,26.69,12811,18122,315,2019-08-14,False,False
AAWW,14-Aug-2019 14:50,26.66,26.72,26.64,26.68,10519,18122,320,2019-08-14,False,False
AAWW,14-Aug-2019 14:55,26.66,26.68,26.64,26.65,1674,18122,325,2019-08-14,False,False
AAWW,14-Aug-2019 15:00,26.62,26.68,26.52,26.68,3900,18122,330,2019-08-14,False,False
AAWW,14-Aug-2019 15:05,26.69,26.69,26.64,26.64,1079,18122,335,2019-08-14,False,False
AAWW,14-Aug-2019 15:10,26.66,26.69,26.63,26.65,3200,18122,340,2019-08-14,False,False
AAWW,14-Aug-2019 15:15,26.67,26.67,26.51,26.59,4900,18122,345,2019-08-14,False,False
AAWW,14-Aug-2019 15:20,26.59,26.59,26.5,26.51,1811,18122,350,2019-08-14,False,False
AAWW,14-Aug-2019 15:25,26.42,26.58,26.42,26.5,5345,18122,355,2019-08-14,False,False
AAWW,14-Aug-2019 15:30,26.47,26.48,26.34,26.36,4648,18122,360,2019-08-14,False,False
AAWW,14-Aug-2019 15:35,26.48,26.51,26.41,26.45,9426,18122,365,2019-08-14,False,False
AAWW,14-Aug-2019 15:40,26.45,26.45,26.32,26.39,6051,18122,370,2019-08-14,False,False
AAWW,14-Aug-2019 15:45,26.42,26.47,26.42,26.42,4411,18122,375,2019-08-14,False,False
AAWW,14-Aug-2019 15:50,26.41,26.44,26.39,26.41,11613,18122,380,2019-08-14,False,False
AAWW,14-Aug-2019 15:55,26.4,26.4,26.38,26.39,500,18122,385,2019-08-14,False,False
AAWW,14-Aug-2019 16:00,26.34,26.34,26.34,26.34,30302,18122,390,2019-08-14,False,False
AAWW,15-Aug-2019 09:30,26.35,26.35,26.12,26.21,11659,18123,0,2019-08-15,False,False
AAWW,15-Aug-2019 09:35,26.42,26.42,26.42,26.42,100,18123,5,2019-08-15,False,False
AAWW,15-Aug-2019 09:40,26.15,26.25,26.15,26.24,3000,18123,10,2019-08-15,False,False
AAWW,15-Aug-2019 09:45,26.25,26.26,26.19,26.23,4340,18123,15,2019-08-15,False,False
AAWW,15-Aug-2019 09:50,26.28,26.47,26.28,26.34,1477,18123,20,2019-08-15,False,False
AAWW,15-Aug-2019 09:55,26.37,26.44,26.31,26.32,1095,18123,25,2019-08-15,False,False
AAWW,15-Aug-2019 10:00,26.29,26.39,26.29,26.38,500,18123,30,2019-08-15,False,False
AAWW,15-Aug-2019 10:05,26.28,26.34,26.27,26.34,1400,18123,35,2019-08-15,False,False
AAWW,15-Aug-2019 10:10,26.24,26.24,26.2,26.22,4443,18123,40,2019-08-15,False,False
AAWW,15-Aug-2019 10:15,26.22,26.25,26.15,26.24,12052,18123,45,2019-08-15,False,False
AAWW,15-Aug-2019 10:20,26.22,26.22,26.22,26.22,200,18123,50,2019-08-15,False,False
AAWW,15-Aug-2019 10:25,26.24,26.36,26.24,26.25,2070,18123,55,2019-08-15,False,False
AAWW,15-Aug-2019 10:30,26.23,26.29,26.18,26.29,1300,18123,60,2019-08-15,False,False
AAWW,15-Aug-2019 10:35,26.33,26.34,26.28,26.31,1200,18123,65,2019-08-15,False,False
AAWW,15-Aug-2019 10:40,26.29,26.31,26.29,26.3,1400,18123,70,2019-08-15,False,False
AAWW,15-Aug-2019 10:45,26.29,26.32,26.24,26.29,5684,18123,75,2019-08-15,False,False
AAWW,15-Aug-2019 10:50,26.32,26.37,26.32,26.37,650,18123,80,2019-08-15,False,False
AAWW,15-Aug-2019 10:55,26.33,26.36,26.27,26.28,2055,18123,85,2019-08-15,False,False
AAWW,15-Aug-2019 11:00,26.28,26.29,26.25,26.27,4100,18123,90,2019-08-15,False,False
AAWW,15-Aug-2019 11:05,26.27,26.3,26.25,26.27,3300,18123,95,2019-08-15,False,False
AAWW,15-Aug-2019 11:10,26.26,26.31,26.25,26.29,2925,18123,100,2019-08-15,False,False
AAWW,15-Aug-2019 11:15,26.3,26.3,26.29,26.29,400,18123,105,2019-08-15,False,False
AAWW,15-Aug-2019 11:20,26.23,26.24,26.2,26.24,7201,18123,110,2019-08-15,False,False
AAWW,15-Aug-2019 11:25,26.3,26.3,26.28,26.28,250,18123,115,2019-08-15,False,False
AAWW,15-Aug-2019 11:30,26.33,26.38,26.25,26.34,3334,18123,120,2019-08-15,False,False
AAWW,15-Aug-2019 11:35,26.27,26.27,26.2,26.22,1753,18123,125,2019-08-15,False,False
AAWW,15-Aug-2019 11:40,26.25,26.33,26.25,26.3,4197,18123,130,2019-08-15,False,False
AAWW,15-Aug-2019 11:45,26.3,26.33,26.3,26.3,2618,18123,135,2019-08-15,False,False
AAWW,15-Aug-2019 11:50,26.32,26.32,26.32,26.32,100,18123,140,2019-08-15,False,False
AAWW,15-Aug-2019 11:55,26.29,26.34,26.29,26.33,3000,18123,145,2019-08-15,False,False
AAWW,15-Aug-2019 12:00,26.35,26.35,26.27,26.27,800,18123,150,2019-08-15,False,False
AAWW,15-Aug-2019 12:05,26.38,26.64,26.33,26.33,27272,18123,155,2019-08-15,False,False
AAWW,15-Aug-2019 12:10,26.38,26.39,26.31,26.31,450,18123,160,2019-08-15,False,False
AAWW,15-Aug-2019 12:15,26.27,26.27,26.22,26.24,2425,18123,165,2019-08-15,False,False
AAWW,15-Aug-2019 12:20,26.24,26.24,26.22,26.22,300,18123,170,2019-08-15,False,False
AAWW,15-Aug-2019 12:25,26.23,26.25,26.21,26.21,3635,18123,175,2019-08-15,False,False
AAWW,15-Aug-2019 12:30,26.24,26.29,26.24,26.29,1300,18123,180,2019-08-15,False,False
AAWW,15-Aug-2019 12:35,26.3,26.36,26.3,26.3,1200,18123,185,2019-08-15,False,False
AAWW,15-Aug-2019 12:40,26.29,26.3,26.29,26.3,400,18123,190,2019-08-15,False,False
AAWW,15-Aug-2019 12:45,26.32,26.32,26.27,26.27,851,18123,195,2019-08-15,False,False
AAWW,15-Aug-2019 12:50,26.3,26.31,26.25,26.27,2136,18123,200,2019-08-15,False,False
AAWW,15-Aug-2019 12:55,26.25,26.29,26.25,26.29,300,18123,205,2019-08-15,False,False
AAWW,15-Aug-2019 13:00,26.31,26.32,26.3,26.32,600,18123,210,2019-08-15,False,False
AAWW,15-Aug-2019 13:05,26.29,26.31,26.28,26.3,500,18123,215,2019-08-15,False,False
AAWW,15-Aug-2019 13:10,26.3,26.31,26.3,26.3,1643,18123,220,2019-08-15,False,False
AAWW,15-Aug-2019 13:15,26.3,26.31,26.28,26.31,1800,18123,225,2019-08-15,False,False
AAWW,15-Aug-2019 13:20,26.3,26.3,26.25,26.27,1505,18123,230,2019-08-15,False,False
AAWW,15-Aug-2019 13:25,26.24,26.24,26.2,26.23,1400,18123,235,2019-08-15,False,False
AAWW,15-Aug-2019 13:30,26.26,26.27,26.26,26.27,700,18123,240,2019-08-15,False,False
AAWW,15-Aug-2019 13:35,26.26,26.3,26.2,26.3,6362,18123,245,2019-08-15,False,False
AAWW,15-Aug-2019 13:40,26.29,26.32,26.28,26.31,3078,18123,250,2019-08-15,False,False
AAWW,15-Aug-2019 13:45,26.31,26.34,26.27,26.27,3900,18123,255,2019-08-15,False,False
AAWW,15-Aug-2019 13:50,26.32,26.32,26.25,26.29,6004,18123,260,2019-08-15,False,False
AAWW,15-Aug-2019 13:55,26.34,26.36,26.32,26.32,2141,18123,265,2019-08-15,False,False
AAWW,15-Aug-2019 14:00,26.32,26.39,26.21,26.21,7356,18123,270,2019-08-15,False,False
AAWW,15-Aug-2019 14:05,26.24,26.31,26.23,26.27,3200,18123,275,2019-08-15,False,False
AAWW,15-Aug-2019 14:10,26.29,26.42,26.27,26.27,1400,18123,280,2019-08-15,False,False
AAWW,15-Aug-2019 14:15,26.26,26.36,26.26,26.33,4903,18123,285,2019-08-15,False,False
AAWW,15-Aug-2019 14:20,26.33,26.43,26.33,26.37,3053,18123,290,2019-08-15,False,False
AAWW,15-Aug-2019 14:25,26.33,26.35,26.28,26.3,2200,18123,295,2019-08-15,False,False
AAWW,15-Aug-2019 14:30,26.3,26.34,26.3,26.34,2584,18123,300,2019-08-15,False,False
AAWW,15-Aug-2019 14:35,26.32,26.35,26.3,26.3,2200,18123,305,2019-08-15,False,False
AAWW,15-Aug-2019 14:40,26.3,26.33,26.29,26.31,2800,18123,310,2019-08-15,False,False
AAWW,15-Aug-2019 14:45,26.3,26.34,26.3,26.32,2400,18123,315,2019-08-15,False,False
AAWW,15-Aug-2019 14:50,26.32,26.34,26.28,26.33,2456,18123,320,2019-08-15,False,False
AAWW,15-Aug-2019 14:55,26.31,26.36,26.31,26.33,1600,18123,325,2019-08-15,False,False
AAWW,15-Aug-2019 15:00,26.35,26.45,26.35,26.45,3325,18123,330,2019-08-15,False,False
AAWW,15-Aug-2019 15:05,26.46,26.52,26.38,26.38,3219,18123,335,2019-08-15,False,False
AAWW,15-Aug-2019 15:10,26.39,26.39,26.35,26.36,1751,18123,340,2019-08-15,False,False
AAWW,15-Aug-2019 15:15,26.35,26.39,26.34,26.36,2400,18123,345,2019-08-15,False,False
AAWW,15-Aug-2019 15:20,26.37,26.39,26.31,26.36,2000,18123,350,2019-08-15,False,False
AAWW,15-Aug-2019 15:25,26.34,26.34,26.3,26.3,900,18123,355,2019-08-15,False,False
AAWW,15-Aug-2019 15:30,26.3,26.34,26.29,26.3,4188,18123,360,2019-08-15,False,False
AAWW,15-Aug-2019 15:35,26.3,26.33,26.28,26.32,4610,18123,365,2019-08-15,False,False
AAWW,15-Aug-2019 15:40,26.32,26.35,26.29,26.35,3400,18123,370,2019-08-15,False,False
AAWW,15-Aug-2019 15:45,26.37,26.38,26.34,26.34,2800,18123,375,2019-08-15,False,False
AAWW,15-Aug-2019 15:50,26.36,26.41,26.35,26.41,5854,18123,380,2019-08-15,False,False
AAWW,15-Aug-2019 15:55,26.42,26.44,26.38,26.38,9414,18123,385,2019-08-15,False,False
AAWW,15-Aug-2019 16:00,26.37,26.37,26.37,26.37,16327,18123,390,2019-08-15,False,False
AAWW,29-Nov-2019 09:30,26.46,26.51,26.31,26.5,6339,18229,0,2019-11-29,False,True
AAWW,29-Nov-2019 09:35,26.46,26.46,26.3,26.39,1200,18229,5,2019-11-29,False,True
AAWW,29-Nov-2019 09:40,26.39,26.41,26.3,26.37,3777,18229,10,2019-11-29,False,True
AAWW,29-Nov-2019 09:45,26.39,26.51,26.37,26.43,1100,18229,15,2019-11-29,False,True
AAWW,29-Nov-2019 09:50,26.47,26.48,26.36,26.45,3700,18229,20,2019-11-29,False,True
AAWW,29-Nov-2019 09:55,26.36,26.38,26.35,26.37,800,18229,25,2019-11-29,False,True
AAWW,29-Nov-2019 10:00,26.3,26.32,26.27,26.32,716,18229,30,2019-11-29,False,True
AAWW,29-Nov-2019 10:05,26.31,26.31,26.21,26.23,3460,18229,35,2019-11-29,False,True
AAWW,29-Nov-2019 10:10,26.2,26.22,26.19,26.2,1808,18229,40,2019-11-29,False,True
AAWW,29-Nov-2019 10:15,26.18,26.2,26.17,26.17,2558,18229,45,2019-11-29,False,True
AAWW,29-Nov-2019 10:20,26.17,26.2,26.13,26.19,2200,18229,50,2019-11-29,False,True
AAWW,29-Nov-2019 10:25,26.24,26.24,26.2,26.22,700,18229,55,2019-11-29,False,True
AAWW,29-Nov-2019 10:30,26.27,26.27,26.19,26.27,1148,18229,60,2019-11-29,False,True
AAWW,29-Nov-2019 10:35,26.3,26.36,26.29,26.36,900,18229,65,2019-11-29,False,True
AAWW,29-Nov-2019 10:40,26.38,26.4,26.29,26.3,5339,18229,70,2019-11-29,False,True
AAWW,29-Nov-2019 10:45,26.29,26.3,26.28,26.3,700,18229,75,2019-11-29,False,True
AAWW,29-Nov-2019 10:50,26.3,26.31,26.26,26.26,400,18229,80,2019-11-29,False,True
AAWW,29-Nov-2019 10:55,26.3,26.3,26.26,26.29,1537,18229,85,2019-11-29,False,True
AAWW,29-Nov-2019 11:00,26.3,26.3,26.21,26.21,1200,18229,90,2019-11-29,False,True
AAWW,29-Nov-2019 11:05,26.23,26.24,26.2,26.21,1100,18229,95,2019-11-29,False,True
AAWW,29-Nov-2019 11:10,26.2,26.21,26.15,26.16,1900,18229,100,2019-11-29,False,True
AAWW,29-Nov-2019 11:15,26.16,26.16,26.14,26.14,500,18229,105,2019-11-29,False,True
AAWW,29-Nov-2019 11:20,26.13,26.13,26.09,26.13,8010,18229,110,2019-11-29,False,True
AAWW,29-Nov-2019 11:25,26.17,26.18,26.13,26.18,1260,18229,115,2019-11-29,False,True
AAWW,29-Nov-2019 11:30,26.14,26.14,26.02,26.02,1799,18229,120,2019-11-29,False,True
AAWW,29-Nov-2019 11:35,26.03,26.15,26.03,26.15,600,18229,125,2019-11-29,False,True
AAWW,29-Nov-2019 11:40,26.12,26.14,26.1,26.14,1030,18229,130,2019-11-29,False,True
AAWW,29-Nov-2019 11:45,26.1,26.16,26.09,26.16,1100,18229,135,2019-11-29,False,True
AAWW,29-Nov-2019 11:50,26.15,26.2,26.15,26.2,900,18229,140,2019-11-29,False,True
AAWW,29-Nov-2019 11:55,26.22,26.22,26.16,26.16,1000,18229,145,2019-11-29,False,True
AAWW,29-Nov-2019 12:00,26.15,26.23,26.15,26.23,2500,18229,150,2019-11-29,False,True
AAWW,29-Nov-2019 12:05,26.18,26.18,26.1,26.12,2100,18229,155,2019-11-29,False,True
AAWW,29-Nov-2019 12:10,26.11,26.12,26.11,26.12,700,18229,160,2019-11-29,False,True
AAWW,29-Nov-2019 12:15,26.12,26.15,26.1,26.13,2453,18229,165,2019-11-29,False,True
AAWW,29-Nov-2019 12:20,26.15,26.23,26.15,26.22,1267,18229,170,2019-11-29,False,True
AAWW,29-Nov-2019 12:25,26.24,26.24,26.2,26.22,1724,18229,175,2019-11-29,False,True
AAWW,29-Nov-2019 12:30,26.21,26.26,26.2,26.26,1600,18229,180,2019-11-29,False,True
AAWW,29-Nov-2019 12:35,26.22,26.26,26.15,26.2,2271,18229,185,2019-11-29,False,True
AAWW,29-Nov-2019 12:40,26.18,26.22,26.16,26.16,1414,18229,190,2019-11-29,False,True
AAWW,29-Nov-2019 12:45,26.18,26.18,25.1,26.0,2300,18229,195,2019-11-29,False,True
AAWW,29-Nov-2019 12:50,25.98,25.99,25.9,25.95,2992,18229,200,2019-11-29,False,True
AAWW,29-Nov-2019 12:55,25.97,26.11,25.97,26.11,9816,18229,205,2019-11-29,False,True
AAWW,29-Nov-2019 13:00,26.09,26.09,26.09,26.09,20416,18229,210,2019-11-29,False,True
